IBGE;UF;Região;Pop_Total2010;Quant_municipios;Ident_1;Ident_2;Ident_3;Ident_4;Ident_5;Ident_6;Ident_7;Ident_8;Ident_9;Ident_10;Ident_12;Ident_13;Ident_14;q1;q2_1;q2_2;q2_3;q2_4;q2_5;q2_6;q2_7;q2_99;q2_qual;q3_1;q3_2;q3_3;q3_4;q3_5;q3_6;q3_7;q3_8;q4;q5;q6;q7_1;q7_2;q7_3;q7_4;q7_5;q7_6;q7_7;q7_8;q7_9;q7_10;q7_11;q7_12;q7_13;q7_14;q7_15;q7_16;q7_17;q7_18;q7_99;q7_qual;q8;q9;q10;q11;q12a_1;q12a_2;q12a_3;q12a_4;q12b_1;q12b_2;q12b_3;q12b_4;q12c_1;q12c_2;q12c_3;q12c_4;q12d_1;q12d_2;q12d_3;q12d_4;q12e_1;q12e_2;q12e_3;q12e_4;q13a_1;q13a_2;q13a_3;q13a_4;q13b_1;q13b_2;q13b_3;q13b_4;q13c_1;q13c_2;q13c_3;q13c_4;q13d_1;q13d_2;q13d_3;q13d_4;q13e_1;q13e_2;q13e_3;q13e_4;q14a;q14b;q14c;q14d;q14e;q14f;q14g;q14h;q14i;q14j;q14k;q14l;q14m;q15a_1;q15a_2;q15a_3;q15a_4;q15a_5;q15b_1;q15b_2;q15b_3;q15b_4;q15b_5;q16;q17;q18a1;q18a2;q18a3_1;q18a3_2;q18b1;q18b2;q18b3_1;q18b3_2;q18c1;q18c2;q18c3_1;q18c3_2;q18d1;q18d2;q18d3_1;q18d3_2;q19;q20_1;q20_2;q20_3;q20_4;q20_5;q20_qual;q21_1;q21_2;q21_3;q21_4;q21_5;q21_6;q21_99;q21_especif;q22;q23_1;q23_2;q23_3;q23_4;q23_5;q23_6;q23_7;q23_8;q23_9;q23_10;q23_11;q23_12;q23_13;q23_14;q23_15;q23_16;q23_17;q23_18;q23_19;q23_20;q23_21;q23_22;q23_23;q23_24;q24;q25_1;q25_2;q25_3;q26_1;q26_2;q26_3;q26_4;q26_5;q26_6;q26_7;q27;q28;q29_0;q29_1;q29_2;q29_3;q29_4;q29_5;q29_6;q29_99;q29_qual;q30;q31a_2013;q31a_2014;q31b_2013;q31b_2014;q32;q33;q34;q34_qual;q35;q36;q37_1;q37_2;q37_3;q37_4;q37_5;q38;q39;q40_1;q40_2;q40_3;q40a_1;q40a_2;q40a_3;q40b_1;q40b_2;q40b_3;q40c_1;q40c_2;q40c_3;q41_1;q41_2;q41_3;q41a_1;q41a_2;q41a_3;q41b_1;q41b_2;q41b_3;q41c_1;q41c_2;q41c_3;q42a_1;q42a_2;q42b_1;q42b_2;q43;q44;q45;q46a_1;q46a_2;q46a_3;q46a_4;q46a_5;q46b_1;q46b_2;q46b_3;q46b_4;q46b_5;q46c_1;q46c_2;q46c_3;q46c_4;q46c_5;q46d_1;q46d_2;q46d_3;q46d_4;q46d_5;q46e_1;q46e_2;q46e_3;q46e_4;q46e_5;q47;q48a_1;q48a_2;q48a_3;q48a_4;q48a_5;q48b_1;q48b_2;q48b_3;q48b_4;q48b_5;q48c_1;q48c_2;q48c_3;q48c_4;q48c_5;q48d_1;q48d_2;q48d_3;q48d_4;q48d_5;q48e_1;q48e_2;q48e_3;q48e_4;q48e_5;q48f_1;q48f_2;q48f_3;q48f_4;q48f_5;q48g_1;q48g_2;q48g_3;q48g_4;q48g_5;q48h_1;q48h_2;q48h_3;q48h_4;q48h_5;q48i_1;q48i_2;q48i_3;q48i_4;q48i_5;q49_0;q49_1;q49_2;q49_3;q50;q51_1;q51_2;q51_3;q52;q53;q54;q55;q56_1;q56_2;q56_3;q56_4;q56_5;q57a_1;q57a_2;q57b_1;q57b_2;q57c_1;q57c_2;q57d_1;q57d_2;q58;q59_1;q59_2;q59_3;q59_4;q59_5;q59_6;q59_7;q59_8;q59_9;q60a_1;q60a_2;q60b_1;q60b_2;q60c_1;q60c_2;q60d_1;q60d_2;q60e_1;q60e_2;q61;q62;q63;q64;q65;q66_1;q66_2;q66_3;q66_99;q66_qual;q67_1;q67_2;q67_3;q67_4;q67_5;q67_6;q67_7;q67_8;q67_9;q67_10;q67_11;q67_12;q67_13;q67_14;q67_15;q67_16;q67_17;q67_18;q67_19;q67_20;q67_21;q67_22;q67_23;q67_99;q67_qual;q68;q69_1;q69_2;q69_3;q70_1;q70_2;q70_3;q70_4;q70_5;q70_6;q70_7;q71;q72;q73;q74_1;q74_2;q74_3;q74_4;q74_5;q74_6;q74_7;q74_8;q74_99;q74_qual;q75;q76;q77;q78;q79;q80;q81a_1;q81a_2;q81b_1;q81b_2;q81c_1;q81c_2;q81d_1;q81d_2;q82a_1;q82a_2;q82b_1;q82b_2;q82c_1;q82c_2;q82d_1;q82d_2;q82e_1;q82e_2;q82f_1;q82f_2;q83;q84;q85;q86;q87_1;q87_2;q87_3;q88;q89;q90;q91;q92_1;q92_2;q92_3;q92_4;q92_5;q92_6;q92_7;q92_8;q92_9;q92_10;q92_11;q92_12;q92_99;q92_qual;responsavel1_3;responsavel1_4;representante_Vigilancia;Vigilancia1_3
12;AC;Norte;733559;22;SECRETARIA DE ESTADO DE DESENVOLVIMENTO SOCIAL;Avenida;NAÇÕES UNIDAS;2731;Ao lado do ISE;ESTAÇÃO EXPERIMENTAL; ;69918-172; ;AC;(68) 32262937; ;(68) 32262937;Secretaria estadual exclusiva da área de Assistência Social; ; ; ; ; ; ; ; ; ;Sim, de maneira informal;Sim, de maneira informal;Sim, de maneira informal;Sim, de maneira informal;Sim, de maneira informal;Sim, de maneira informal;Sim, de maneira informal;Sim, de maneira informal;Não; ; ; ; ; ; ; ; ; ; ; ; ; ; ; ; ; ; ; ; ; ; ;Não;Sim;Anualmente;2014;35;38;26;99;0;0;0;0;1;24;52;77;6;18;0;24;42;80;78;200;49;44;37;130;0;0;0;0;1;24;52;77;6;18;0;24;56;86;89;231;29;4;6;6;0;0;4;2;1;4;2;0;0;Não; ; ; ; ;Não; ; ; ; ;Sim;30/10/2015;Sim;85;Não;Sim;Não; ; ; ;Sim;1325;Sim;Sim;Não; ; ; ;Sim;Sim;Sim;Não;Sim;Não;solicitação por parte do órgão gestor municipal de Assistência social;Não;Não;Sim;Não;Sim;Sim;Não; ;22;Raramente;Muito Frequentemente;Raramente;Muito Frequentemente;Frequentemente;Frequentemente;Frequentemente;Muito Frequentemente;Muito Frequentemente;Frequentemente;Raramente;Raramente;Muito Frequentemente;Muito Frequentemente;Muito Frequentemente;Frequentemente;Nunca;Raramente;Muito Frequentemente;Muito Frequentemente;Muito Frequentemente;Raramente;Frequentemente;Raramente;Sim;3;0;3;Não;Não;Sim;Não;Não;Não;Não;Sim, a menor parte dos recursos próprios é registrada no FEAS;O Secretário(a) Estadual da Assistência Social;Sim;Não;Não;Não;Não;Não;Não;Não; ;Semestralmente;13210112,29;11884559,86;10913778,81;10386950,46;Sim, ambos;Sim;O cofinanciamento é realizado por serviço socioassistencial (PAIF, PAEFI, entre outros); ;Sim;Trimestralmente;Sim;Não;Não;Não;Não;Sim;Sim, houve construção e/ou reforma direta pelo estado de unidades da assistência social nos municípios;13;10;3;11;10;1;1;0;1;3;0;3;0;0;0;0;0;0;0;0;0;0;0;0;60;192;176;96;Não; ;Sim;Não;Não;Não;Não;Não;Não;Não;Não;Não;Não;Não;Não;Não;Não;Não;Não;Não;Não;Sim;Não;Não;Não;Não;Não;Não;Não; ; ; ; ; ; ; ; ; ; ; ; ; ; ; ; ; ; ; ; ; ; ; ; ; ; ; ; ; ; ; ; ; ; ; ; ; ; ; ; ; ; ; ; ; ;Não;Não;Não;Sim;3;0;1;2;Sim;Não possui estudo/diagnóstico sobre a oferta dos serviços de proteção social especial no estado;Não;Não; ; ; ; ; ; ; ; ; ; ; ; ; ;Sim;Não;Não;Não;Não;Sim;Não;Não;Não;Não;Não; ;Não; ;Não; ;Não; ;Não; ;Não; ; ; ;Sim;Sim;Sim;Sim;Não; ;Não;Não;Não;Não;Não;Não;Não;Sim;Sim;Não;Sim;Não;Não;Não;Sim;Sim;Não;Sim;Sim;Sim;Não;Não;Não;Não; ;Sim;2;0;2;Sim;Sim;Sim;Não;Não;Não;Não;Não;Raramente;Não; ; ; ; ; ; ; ; ; ; ;Não;Sim;Sim;Sim;1;Sim, para ambas;Não; ;Não; ;Não; ;Não; ;6;6;3;3;1;1;1;1;1;1;0;0;Sim;Não;Sim;Sim;Sim;Sim;Sim;Bimestralmente;0;0;1;Sim;Sim;Sim;Sim;Sim;Não;Não;Não;Não;Não;Não;Não;Não; ;03/12/2015;Secretario Estadual;Não;chefe da divisão da vigilancia sociassis
27;AL;Nordeste;3120494;102;Secretaria de Estado da Assistencia e Desenvolvimento Social;Avenida;Comendador Calaca;1399;predio;poco;Predio da Antiga LBA;57025-640; ;AL;(82) 33151030; ;(82) 33151030;Secretaria estadual em conjunto com outras políticas setoriais;Não;Não;Não;Não;Sim;Não;Não;Não; ;Sim, na estrutura formal do órgão gestor;Sim, na estrutura formal do órgão gestor;Sim, de maneira informal;Sim, na estrutura formal do órgão gestor;Sim, na estrutura formal do órgão gestor;Sim, na estrutura formal do órgão gestor;Sim, de maneira informal;Sim, na estrutura formal do órgão gestor;Não; ; ; ; ; ; ; ; ; ; ; ; ; ; ; ; ; ; ; ; ; ; ;Sim, em processo de validação e debate pela SEAS;Sim;De quatro em quatro anos;2013;47;38;37;122;0;0;0;0;0;10;30;40;0;0;0;0;47;48;67;162;47;38;37;122;0;0;0;0;0;10;30;40;0;0;0;0;47;48;67;162;16;7;1;10;0;0;0;0;4;3;1;0;0;Não; ; ; ; ;Não; ; ; ; ;Sim;20/04/2011;Sim;125;Sim;Não;Não; ; ; ;Sim;995;Sim;Não;Não; ; ; ;Não;Sim;Sim;Sim;Sim;Não;Por solicitação dos municípios,identificarão de situações inadequação;Sim;Sim;Sim;Não;Sim;Sim;Sim;Por e-mail, telefone;47;Frequentemente;Frequentemente;Raramente;Muito Frequentemente;Frequentemente;Frequentemente;Muito Frequentemente;Frequentemente;Muito Frequentemente;Frequentemente;Frequentemente;Frequentemente;Frequentemente;Muito Frequentemente;Muito Frequentemente;Raramente;Raramente;Raramente;Frequentemente;Frequentemente;Frequentemente;Raramente;Muito Frequentemente;Frequentemente;Sim;6;4;10;Não;Sim;Sim;Não;Não;Não;Não;Sim, a totalidade dos recursos próprios é registrada no FEAS;O Secretário(a) Estadual da Assistência Social;Não;Não;Não;Não;Não;Não;Não;Sim;Cofinanciamento estadual atrelado ao Fundo de Combate à Pobreza.;Semestralmente;11108000;13271089,49;17401128,41;21519447,39;Sim, fundo-a-fundo;Sim;O cofinanciamento é realizado por nível de proteção (PSB/PSE - Média ou Alta Complexidade); ;Sim;Mensalmente;Sim;Sim;Não;Não;Não;Sim;Não;56;56;0;50;50;0;6;6;0;0;0;0;0;0;0;0;0;0;0;0;0;0;0;0;1476000;1800000;0;0;Não; ;Não; ; ; ; ; ; ; ; ; ; ; ; ; ; ; ; ; ; ; ; ; ; ; ; ; ;Não; ; ; ; ; ; ; ; ; ; ; ; ; ; ; ; ; ; ; ; ; ; ; ; ; ; ; ; ; ; ; ; ; ; ; ; ; ; ; ; ; ; ; ; ; ;Sim;Não;Não;Não; ; ; ; ;Sim;Sim, possui estudo/diagnóstico sobre a oferta dos serviços de média e alta complexidade no estado;Não;Sim;Sim;Não;Não;Não;Não;Não; ;Sim;6;Não; ;Não; ;Não; ; ; ; ; ; ; ; ; ; ; ; ; ; ; ; ; ; ; ;Não; ; ; ;Não; ; ; ; ; ;Não;Não;Não;Não;Não;Não;Não;Não;Não;Não;Sim;Não;Sim;Não;Sim;Sim;Não;Sim;Sim;Sim;Sim;Sim;Não;Não; ;Não; ; ; ;Sim;Não;Sim;Não;Não;Sim;Sim;Sim;Frequentemente;Não; ; ; ; ; ; ; ; ; ; ;Sim;Sim;Sim;Sim;2;Sim, somente fornece ajuda de custo para participação nas conferências estaduais;Não; ;Não; ;Não; ;Não; ;6;6;2;4;1;2;1;0;1;0;1;0;Não; ;Sim;Sim;Sim;Não;Não;Bimestralmente;4;0;4;Não;Sim;Não;Sim;Sim;Sim;Não;Não;Sim;Não;Não;Não;Não; ;03/12/2015;Secretária Executiva da Gestão Interna;Não;Gerente de Monitoramento e Vigilância
13;AM;Norte;3483985;62;SECRETARIA DE ESTADO DE ASSISTÊNCIA SOCIAL;Avenida;Av. Darcy Vargas;77;chapada;Chapada;Em frente ao Amazonas Shopping;69050-020; ;AM;(92) 38786000;0;(92) 38786069;Secretaria estadual exclusiva da área de Assistência Social; ; ; ; ; ; ; ; ; ;Sim, na estrutura formal do órgão gestor;Sim, na estrutura formal do órgão gestor;Sim, na estrutura formal do órgão gestor;Sim, na estrutura formal do órgão gestor;Sim, na estrutura formal do órgão gestor;Sim, na estrutura formal do órgão gestor;Não constituída;Sim, na estrutura formal do órgão gestor;Não; ; ; ; ; ; ; ; ; ; ; ; ; ; ; ; ; ; ; ; ; ; ;Sim, em elaboração pela SEAS;Sim;De quatro em quatro anos;2015;47;32;33;112;0;0;0;0;0;9;43;52;0;0;0;0;47;41;76;164;100;72;45;217;0;0;0;0;0;11;50;61;0;0;0;0;100;83;95;278;38;6;7;5;0;0;0;0;7;12;1;0;1;Não; ; ; ; ;Não; ; ; ; ;Sim;25/02/2012;Sim;209;Sim;Não;Não; ; ; ;Não; ; ; ;Não; ; ; ;Sim;Sim;Sim;Sim;Sim;Não;Demandas específicas dos municípios;Sim;Sim;Sim;Sim;Sim;Sim;Não; ;33;Frequentemente;Frequentemente;Raramente;Frequentemente;Frequentemente;Frequentemente;Frequentemente;Frequentemente;Frequentemente;Frequentemente;Frequentemente;Frequentemente;Nunca;Frequentemente;Frequentemente;Frequentemente;Raramente;Frequentemente;Frequentemente;Frequentemente;Frequentemente;Raramente;Nunca;Nunca;Sim;0;0;0;Não;Não;Sim;Não;Não;Não;Não;Sim, a totalidade dos recursos próprios é registrada no FEAS;O Secretário(a) Estadual da Assistência Social;Sim;Não;Não;Não;Não;Não;Não;Não; ;Anualmente;69941574,51;77296301,46;66991441,1;70691303,4;Sim, por convênio; ; ; ; ; ;Sim;Sim;Sim;Sim;Não;Sim;Sim, houve construção e/ou reforma direta pelo estado de unidades da assistência social nos municípios;52;52;0;52;52;0;49;49;0;6;6;0;52;52;0;52;52;0;52;52;0;0;0;0;0;0;0;0;Sim;Não;Sim;Não;Não;Não;Não;Não;Não;Não;Não;Não;Não;Não;Não;Não;Não;Não;Não;Não;Não;Não;Não;Não;Não;Sim;Sim;Não;Sim;Não;Não;Não;Não;Não;Não;Não;Não;Não;Não;Não;Não;Não;Não;Sim;Não;Não;Não;Não;Não;Não;Não;Não;Não;Não;Não;Não;Não;Não;Não;Não;Não;Não;Não;Não;Não;Não;Não;Não;Não;Não;Não;Não;Não;Não;Não;Sim;Sim;Sim;39;23;14;2;Sim;Sim, possui estudo/diagnóstico sobre a oferta dos serviços de média e alta complexidade no estado;Sim;Não; ; ; ; ; ; ; ; ; ; ; ; ; ;Não; ; ; ; ; ; ; ; ; ; ; ; ; ; ; ; ; ; ; ;Não; ; ; ;Sim;Sim;Não;Não;Não; ;Sim;Sim;Sim;Sim;Sim;Sim;Não;Sim;Sim;Sim;Sim;Sim;Sim;Não;Não;Não;Sim;Sim;Sim;Sim;Sim;Sim;Sim;Não; ;Sim;4;0;4;Sim;Sim;Sim;Sim;Sim;Sim;Sim;Não;Frequentemente;Não; ; ; ; ; ; ; ; ; ; ;Sim;Sim;Sim;Sim;1;Sim, para ambas;Não; ;Não; ;Não; ;Não; ;6;6;3;4;2;2;2;3;1;0;1;0;Sim;Sim;Sim;Sim;Sim;Não;Não;Trimestralmente;4;0;2;Não;Não;Não;Sim;Sim;Não;Não;Não;Sim;Sim;Não;Não;Não; ;26/11/2015;Gerente da Gestão da Informação;Não;Gerente de Vigilancia Social e Monitoram
16;AP;Norte;669526;16;Secretaria da Inclusão e Mobilização Social;Avenida;Procópio Rola;88;Centro Administrativo, Bloco C;Central; ;68900-081; ;AP;(96) 21013431; ;(96) 21013405;Secretaria estadual em conjunto com outras políticas setoriais;Não;Não;Não;Não;Sim;Não;Não;Não; ;Sim, na estrutura formal do órgão gestor;Sim, na estrutura formal do órgão gestor;Sim, na estrutura formal do órgão gestor;Sim, de maneira informal;Sim, de maneira informal;Sim, de maneira informal;Não constituída;Sim, na estrutura formal do órgão gestor;Não; ; ; ; ; ; ; ; ; ; ; ; ; ; ; ; ; ; ; ; ; ; ;Não;Sim;Mais de quatro anos;2012;21;42;45;108;0;0;0;0;1;6;26;33;0;0;0;0;22;48;71;141;70;74;61;205;0;0;0;0;3;17;33;53;0;10;31;41;73;101;125;299;33;10;6;0;0;0;9;0;6;7;2;0;0;Não; ; ; ; ;Não; ; ; ; ;Sim;20/08/2012;Sim;60;Sim;Sim;Sim;10;Não;Sim;Sim;250;Sim;Não;Sim;20;Não;Sim;Não;Sim;Sim;Sim;Não;Não; ;Não;Sim;Sim;Não;Sim;Sim;Não; ;16;Frequentemente;Frequentemente;Frequentemente;Frequentemente;Frequentemente;Frequentemente;Frequentemente;Frequentemente;Frequentemente;Frequentemente;Frequentemente;Frequentemente;Frequentemente;Frequentemente;Frequentemente;Raramente;Frequentemente;Raramente;Frequentemente;Nunca;Frequentemente;Frequentemente;Nunca;Nunca;Sim;0;0;0;Não;Não;Sim;Não;Não;Não;Não;Sim, a totalidade dos recursos próprios é registrada no FEAS;O Secretário(a) Estadual da Assistência Social;Não;Não;Não;Sim;Não;Não;Não;Não; ;Anualmente;87087383;77691572;83668016,28;69470754,43;Sim, fundo-a-fundo;Sim;O cofinanciamento é realizado por nível de proteção (PSB/PSE - Média ou Alta Complexidade); ;Sim;Mensalmente;Sim;Sim;Sim;Sim;Não;Não;Não;16;16;0;16;16;0;6;6;0;4;4;0;16;16;0;16;16;0;16;16;0;0;0;0;1033892;415036;0;0;Sim;Não;Não; ; ; ; ; ; ; ; ; ; ; ; ; ; ; ; ; ; ; ; ; ; ; ; ; ;Sim;Não;Não;Não;Não;Não;Sim;Não;Não;Sim;Não;Não;Não;Não;Não;Não;Não;Não;Não;Não;Não;Sim;Não;Não;Sim;Não;Não;Não;Não;Não;Não;Não;Não;Não;Não;Não;Não;Não;Não;Não;Não;Não;Não;Não;Não;Não;Sim;Não;Não;Não; ; ; ; ;Não;Não possui estudo/diagnóstico sobre a oferta dos serviços de proteção social especial no estado;Não;Não; ; ; ; ; ; ; ; ; ; ; ; ; ;Não; ; ; ; ; ; ; ; ; ; ; ; ; ; ; ; ; ; ; ;Sim;Sim;Sim;Não;Sim;Sim;Sim;Sim;Sim;Auxilio alimentação, Passagens.;Sim;Sim;Não;Não;Sim;Não;Sim;Sim;Não;Sim;Sim;Sim;Sim;Não;Sim;Sim;Sim;Sim;Sim;Sim;Sim;Sim;Sim;Não; ;Não; ; ; ;Sim;Não;Não;Não;Não;Não;Não;Sim;Frequentemente;Não; ; ; ; ; ; ; ; ; ; ;Sim;Sim;Sim;Sim;2;Sim, somente fornece ajuda de custo para participação nas conferências estaduais;Não; ;Não; ;Não; ;Não; ;6;6;2;2;1;1;0;0;1;1;1;1;Sim;Sim;Sim;Sim;Sim;Não;Não;Bimestralmente;4;0;5;Não;Não;Não;Sim;Não;Não;Sim;Não;Não;Não;Não;Não;Sim;Composição da CIB, Calendário da s reuniões composição da câmara ténica para análise do plano de providência municipal;04/12/2015;SECRETÁRIA DE ASSISTÊNCIA SOCIAL;Sim; 
29;BA;Nordeste;14016906;417;SECRETARIA DE JUSTIÇA, DIREITOS HUMANOS E DESENVOLVIMENTO SOCIAL;Avenida;LUIS VIANA FILHO;390;PLATAFORMA IV, 1º ANDAR;CENTRO ADMINISTRATIVO DA BAHIA;Prédio da Governadoria;41745-005; ;BA;(71) 31153168;0;(71) 00000000;Secretaria estadual em conjunto com outras políticas setoriais;Não;Não;Não;Não;Não;Não;Sim;Sim;Justiça;Sim, na estrutura formal do órgão gestor;Sim, na estrutura formal do órgão gestor;Sim, na estrutura formal do órgão gestor;Sim, na estrutura formal do órgão gestor;Sim, na estrutura formal do órgão gestor;Sim, na estrutura formal do órgão gestor;Sim, na estrutura formal do órgão gestor;Sim, de maneira informal;Não; ; ; ; ; ; ; ; ; ; ; ; ; ; ; ; ; ; ; ; ; ; ;Sim, em processo de validação e debate pela SEAS;Sim;Mais de quatro anos;2001;13;16;28;57;0;0;0;0;0;37;65;102;2;9;17;28;15;62;110;187;17;18;31;66;0;0;0;0;0;38;68;106;2;14;17;33;19;70;116;205;17;6;10;4;0;0;4;0;1;3;1;0;0;Não; ; ; ; ;Não; ; ; ; ;Sim;14/05/2012;Não; ; ; ;Não; ; ; ;Sim;2028;Sim;Sim;Não; ; ; ;Sim;Sim;Sim;Sim;Não;Não; ;Não;Sim;Sim;Sim;Sim;Sim;Não; ;56;Frequentemente;Frequentemente;Raramente;Frequentemente;Frequentemente;Frequentemente;Frequentemente;Frequentemente;Frequentemente;Frequentemente;Frequentemente;Frequentemente;Frequentemente;Muito Frequentemente;Muito Frequentemente;Raramente;Raramente;Raramente;Raramente;Frequentemente;Frequentemente;Raramente;Raramente;Raramente;Sim;14;2;16;Não;Sim;Não;Não;Não;Não;Não;Sim, a totalidade dos recursos próprios é registrada no FEAS;Outro Funcionário da Secretaria de Assistência Social;Não;Não;Não;Sim;Sim;Sim;Sim;Não; ;Semestralmente;66662045;42208780;45929473,42;30555041,55;Sim, fundo-a-fundo;Sim;O cofinanciamento é realizado por serviço socioassistencial (PAIF, PAEFI, entre outros); ;Sim;Bimestralmente;Sim;Sim;Sim;Sim;Não;Sim;Não;417;417;0;417;417;0;194;194;0;96;96;0;315;315;0;315;315;0;315;315;0;315;315;0;32925905,44;12970254,97;9595930,54;17058847,3;Não; ;Não; ; ; ; ; ; ; ; ; ; ; ; ; ; ; ; ; ; ; ; ; ; ; ; ; ;Sim;Não;Não;Não;Não;Não;Não;Não;Não;Não;Não;Não;Não;Não;Não;Não;Não;Não;Não;Não;Não;Não;Não;Não;Não;Sim;Não;Não;Não;Não;Não;Não;Não;Não;Não;Não;Não;Não;Não;Não;Não;Não;Não;Não;Não;Não;Não;Sim;Sim;Sim;7;2;1;4;Sim;Não possui estudo/diagnóstico sobre a oferta dos serviços de proteção social especial no estado;Não;Sim;Sim;Não;Não;Não;Não;Não; ;Sim;1;Não; ;Não; ;Não; ; ; ; ; ; ; ; ; ; ; ; ; ; ; ; ; ; ; ;Não; ; ; ;Sim;Sim;Sim;Sim;Não; ;Não;Não;Sim;Não;Não;Não;Não;Não;Não;Não;Sim;Sim;Sim;Não;Sim;Sim;Não;Sim;Sim;Sim;Sim;Sim;Sim;Não; ;Sim;5;1;6;Sim;Não;Sim;Não;Sim;Não;Sim;Sim;Raramente;Sim;Não;Não;Não;Não;Não;Não;Não;Não;Sim;Levantar demandas de educação permanente do SUAS bem como avaliar o impacto do aprendizado.;Sim;Sim;Sim;Sim;6;Sim, para ambas;Não; ;Não; ;Não; ;Não; ;6;6;2;2;1;1;1;1;1;1;1;1;Não; ;Sim;Sim;Não;Sim;Não;Mensalmente;10;1;6;Não;Não;Sim;Sim;Não;Sim;Sim;Não;Sim;Sim;Não;Sim;Sim;Pactuação Calendário Capacita SUAS e Redistribuição das vagas;27/11/2015;COORDENADOR II;Não;COORDENADORA DA GESTÃO
23;CE;Nordeste;8452381;184;SECRETARIA DO TRABALHO E DESENVOLVIMENTO SOCIAL;Rua;SORIANO ALBUQUERQUE;230; ;Joaquim Távora;PRÉDIO DA ANTIGA L.B.A.;60130-160; ;CE;(85) 31014597;2121;(85) 31012121;Secretaria estadual em conjunto com outras políticas setoriais;Não;Não;Não;Não;Sim;Sim;Não;Sim;Medida socioeducativa privativa e restritiva de liberdade.;Sim, na estrutura formal do órgão gestor;Sim, na estrutura formal do órgão gestor;Sim, na estrutura formal do órgão gestor;Sim, na estrutura formal do órgão gestor;Sim, na estrutura formal do órgão gestor;Sim, de maneira informal;Sim, de maneira informal;Sim, na estrutura formal do órgão gestor;Não; ; ; ; ; ; ; ; ; ; ; ; ; ; ; ; ; ; ; ; ; ; ;Sim, em elaboração pela SEAS;Sim;Anualmente;2014;28;49;60;137;106;263;108;477;0;1;14;15;0;0;0;0;134;313;182;629;148;156;122;426;247;513;190;950;0;1;14;15;0;0;0;0;395;670;326;1391;44;9;33;10;0;0;7;4;5;7;13;3;2;Não; ; ; ; ;Não; ; ; ; ;Sim;05/10/2015;Sim;92;Sim;Não;Não; ; ; ;Sim;4127;Sim;Não;Não; ; ; ;Sim;Sim;Sim;Sim;Sim;Não;Demandas do MDS/SNAS.;Sim;Sim;Sim;Não;Sim;Não;Não; ;184;Frequentemente;Frequentemente;Frequentemente;Frequentemente;Frequentemente;Raramente;Frequentemente;Frequentemente;Frequentemente;Raramente;Raramente;Frequentemente;Raramente;Frequentemente;Frequentemente;Frequentemente;Raramente;Frequentemente;Frequentemente;Raramente;Frequentemente;Raramente;Frequentemente;Frequentemente;Sim;2;2;4;Não;Não;Sim;Não;Não;Não;Não;Sim, a totalidade dos recursos próprios é registrada no FEAS;O Secretário(a) Estadual da Assistência Social;Sim;Não;Não;Não;Não;Não;Não;Não; ;Mensalmente;111461609,2;100291583;82769847,82;86744262,12;Sim, fundo-a-fundo;Sim;O cofinanciamento é realizado por serviço socioassistencial (PAIF, PAEFI, entre outros); ;Sim;Mensalmente;Sim;Sim;Não;Sim;Não;Não;Sim, houve construção e/ou reforma direta pelo estado de unidades da assistência social nos municípios;184;184;0;168;168;0;39;39;0;0;0;0;162;162;0;162;162;0;162;162;0;0;0;0;10125900;12371030;2483110,4;1176290,87;Sim;Sim, para alguns deles;Sim;Sim;Sim;Sim;Não;Sim;Não;Não;Não;Não;Não;Não;Não;Não;Não;Não;Não;Não;Não;Não;Não;Não;Não;Não;Não;Não;Sim;Não;Não;Não;Não;Sim;Não;Não;Não;Não;Sim;Não;Não;Não;Não;Sim;Não;Não;Não;Não;Sim;Não;Não;Não;Não;Sim;Não;Não;Não;Não;Não;Não;Não;Não;Não;Não;Não;Não;Não;Não;Não;Não;Não;Não;Não;Não;Não;Sim;Sim;Não;65;34;2;29;Sim;Sim, possui estudo/diagnóstico sobre a oferta dos serviços de média e alta complexidade no estado;Sim;Sim;Sim;Sim;Sim;Não;Sim;Sim;2;Não; ;Não; ;Não; ;Não; ; ; ; ; ; ; ; ; ; ; ; ; ; ; ; ; ; ; ;Não; ; ; ;Não; ; ; ; ; ;Sim;Sim;Sim;Não;Não;Sim;Sim;Sim;Sim;Não;Sim;Sim;Sim;Sim;Sim;Sim;Sim;Sim;Sim;Sim;Sim;Sim;Sim;Não; ;Sim;1;2;3;Sim;Sim;Sim;Não;Sim;Sim;Sim;Sim;Muito Frequentemente;Não; ; ; ; ; ; ; ; ; ; ;Sim;Sim;Sim;Sim;7;Sim, para ambas;Sim;36;Não; ;Sim;254;Não; ;6;6;3;3;3;3;2;2;2;2;2;2;Sim;Sim;Sim;Sim;Sim;Não;Sim;Mensalmente;7;0;3;Não;Sim;Sim;Sim;Sim;Sim;Sim;Sim;Sim;Sim;Sim;Não;Não; ;24/11/2015;Assistente Social;Não;Assistente Social
32;ES;Sudeste;3514952;78;SECRETARIA DE ESTADO DE ASSISTÊNCIA SOCIAL E POLÍTICAS PARA MULHERES;Rua;Dr João Carlos Souza;107;Ed Green Tower;Barro Vermelho;Rua da Divisão de Homicídios e Proteção à Pessoa DHPP, em frente ao MS Buffet;29057-530; ;ES;(27) 36366821;6824;(27) 36366822;Secretaria estadual em conjunto com outras políticas setoriais;Não;Não;Não;Não;Sim;Não;Não;Sim;Políticas para Mulheres;Sim, de maneira informal;Sim, de maneira informal;Não constituída;Sim, de maneira informal;Sim, de maneira informal;Sim, de maneira informal;Não constituída;Sim, de maneira informal;Sim;2012;9966;Sim;Sim;Sim;Sim;Sim;Sim;Sim;Sim;Sim;Sim;Sim;Não;Não;Sim;Sim;Sim;Sim;Sim;Não; ;Não;Não; ; ;2;3;19;24;0;0;1;1;1;18;26;45;0;2;1;3;3;23;47;73;2;3;19;24;0;0;1;1;1;18;26;45;0;2;1;3;3;23;47;73;24;2;1;1;0;0;0;0;6;9;1;0;0;Não; ; ; ; ;Não; ; ; ; ;Sim;25/04/2012;Sim;51;Sim;Sim;Não; ; ; ;Sim;2083;Sim;Sim;Não; ; ; ;Não;Sim;Sim;Não;Sim;Não;Demanda espontânea dos municípios, Notificações do MDS sobre situações de serviços e equipamentos.;Não;Sim;Sim;Não;Sim;Sim;Sim;Assessoramento técnico de forma presencial no órgão gestor estadual.;51;Nunca;Nunca;Nunca;Raramente;Frequentemente;Nunca;Frequentemente;Muito Frequentemente;Frequentemente;Muito Frequentemente;Raramente;Nunca;Frequentemente;Muito Frequentemente;Muito Frequentemente;Raramente;Frequentemente;Nunca;Nunca;Raramente;Raramente;Muito Frequentemente;Raramente;Raramente;Sim;0;0;0;Não;Não;Sim;Não;Não;Não;Não;Sim, a totalidade dos recursos próprios é registrada no FEAS;O Secretário(a) Estadual da Assistência Social;Não;Não;Não;Sim;Sim;Não;Não;Não; ;Semestralmente;47457612;85950608,47;38610799,52;83251993,45;Sim, ambos;Sim;O cofinanciamento é realizado por serviço socioassistencial (PAIF, PAEFI, entre outros); ;Sim;Trimestralmente;Sim;Sim;Sim;Sim;Não;Sim;Sim, houve repasse de recursos aos municípios para construção e/ou reforma de unidades da assistência social;101;78;23;94;78;16;77;66;11;69;62;7;78;78;0;78;78;0;78;78;0;78;78;0;23900400;408491623,36;526651,38;1107664,32;Não; ;Não; ; ; ; ; ; ; ; ; ; ; ; ; ; ; ; ; ; ; ; ; ; ; ; ; ;Não; ; ; ; ; ; ; ; ; ; ; ; ; ; ; ; ; ; ; ; ; ; ; ; ; ; ; ; ; ; ; ; ; ; ; ; ; ; ; ; ; ; ; ; ; ;Não;Sim;Sim;Sim;91;31;11;11;Não;Sim, possui estudo/diagnóstico sobre a oferta dos serviços de média e alta complexidade no estado;Não;Não; ; ; ; ; ; ; ; ; ; ; ; ; ;Não; ; ; ; ; ; ; ; ; ; ; ; ; ; ; ; ; ; ; ;Sim;Sim;Sim;Sim;Sim;Sim;Não;Sim;Não; ;Sim;Não;Sim;Não;Não;Não;Não;Não;Não;Não;Sim;Sim;Não;Não;Não;Não;Sim;Não;Sim;Sim;Sim;Não;Não;Não; ;Não; ; ; ;Sim;Não;Sim;Não;Sim;Não;Sim;Não;Nunca;Não; ; ; ; ; ; ; ; ; ; ;Sim;Sim;Sim;Sim;1;Sim, somente fornece ajuda de custo para participação nas conferências estaduais;Sim;10;Não; ;Sim;32;Não; ;3;3;2;2;1;1;1;1;1;1;1;1;Não; ;Sim;Sim;Sim;Não;Não;Mensalmente;11;0;5;Não;Não;Não;Sim;Não;Não;Não;Não;Não;Não;Não;Não;Sim;Distribuição de vagas para conselheiros, gestores e trabalhadores do estado e municípios, bem como da rede privada.;30/11/2015;Gerente de Gestão SUAS;Não;Assistente Social
52;GO;Centro-Oeste;6003788;246;SECRETARIA DE ESTADO DA MULHER, DO DESENVOLVIMENTO SOCIAL, DA IGUALDADE RACIAL, DOS DIREITOS HUMANOS E DO TRABALHO;Avenida;UNIVERSITÁRIA;609;0;LESTE UNIVERSITARIO;EM FRENTE À SANEAGO;74605-010; ;GO;(62) 32018522;8505; ;Secretaria estadual em conjunto com outras políticas setoriais;Não;Não;Não;Não;Não;Sim;Sim;Sim;Igualdade racial e da mulher;Sim, de maneira informal;Sim, de maneira informal;Sim, de maneira informal;Sim, na estrutura formal do órgão gestor;Sim, de maneira informal;Sim, de maneira informal;Não constituída;Sim, na estrutura formal do órgão gestor;Sim;2015;19017;Sim;Sim;Sim;Sim;Sim;Sim;Sim;Sim;Sim;Sim;Sim;Não;Sim;Sim;Não;Sim;Sim;Sim;Não; ;Não;Sim;Mais de uma vez por ano;2015;34;208;78;320;2;19;16;37;3;38;11;52;0;0;0;0;39;265;105;409;49;282;140;471;2;23;18;43;3;40;16;59;0;0;0;0;54;345;174;573;38;12;42;16;0;0;1;1;2;12;5;0;0;Não; ; ; ; ;Não; ; ; ; ;Sim;01/04/2012;Não; ; ; ;Não; ; ; ;Sim;1181;Sim;Não;Não; ; ; ;Não;Sim;Não;Sim;Não;Não; ;Não;Não;Sim;Não;Sim;Sim;Sim;via email;21;Nunca;Raramente;Muito Frequentemente;Raramente;Frequentemente;Frequentemente;Frequentemente;Frequentemente;Raramente;Frequentemente;Raramente;Raramente;Frequentemente;Muito Frequentemente;Muito Frequentemente;Raramente;Frequentemente;Frequentemente;Frequentemente;Raramente;Raramente;Nunca;Frequentemente;Nunca;Sim;1;0;1;Não;Não;Sim;Não;Não;Não;Não;Sim, a totalidade dos recursos próprios é registrada no FEAS;O Secretário(a) Estadual da Assistência Social;Não;Não;Não;Sim;Não;Não;Não;Não; ;Mensalmente;20386,35;21184;0;0;Não; ; ; ; ; ; ; ; ; ; ; ; ; ; ; ; ; ; ; ; ; ; ; ; ; ; ; ; ; ; ; ; ; ; ; ; ; ; ; ; ;Não; ;Sim;Não;Não;Não;Não;Não;Não;Não;Não;Não;Não;Não;Não;Não;Não;Não;Não;Não;Não;Não;Não;Não;Não;Não;Sim;Não;Sim;Não;Não;Não;Não;Sim;Não;Não;Não;Não;Sim;Não;Não;Não;Não;Não;Não;Não;Não;Não;Não;Não;Não;Não;Não;Não;Não;Não;Não;Não;Não;Não;Não;Não;Não;Não;Não;Não;Não;Não;Não;Não;Não;Não;Não;Não;Sim;Não;Não;Não; ; ; ; ;Não;Sim, possui estudo/diagnóstico sobre a oferta dos serviços de alta complexidade no estado;Não;Não; ; ; ; ; ; ; ; ; ; ; ; ; ;Não; ; ; ; ; ; ; ; ; ; ; ; ; ; ; ; ; ; ; ;Sim;Não;Sim;Não;Não; ; ; ; ; ;Não;Não;Não;Não;Não;Não;Não;Não;Não;Não;Sim;Sim;Sim;Não;Sim;Sim;Não;Não;Sim;Sim;Sim;Sim;Não;Sim;apoio para implantação do prontuário SUAS nos municípios;Sim;3;2;5;Não;Não;Não;Não;Sim;Não;Não;Sim;Muito Frequentemente;Não; ; ; ; ; ; ; ; ; ; ;Sim;Sim;Sim;Sim;3;Sim, para ambas;Sim;34;Não; ;Sim;481;Não; ;6;6;2;2;1;1;1;1;1;1;1;1;Não; ;Sim;Sim;Sim;Não;Não;Mensalmente;4;0;2;Não;Não;Não;Não;Sim;Sim;Sim;Não;Sim;Sim;Sim;Sim;Não; ;04/12/2015;Superintendente de Gestão do SUAS;Não;Analista de Politicas de Assist. Social
21;MA;Nordeste;6574789;217;SECRETARIA DE ESTADO DE DESENVOLVIMENTO SOCIAL;Rua;DO GIZ;214; ;CENTRO;CENTRO HISTÓRICO DE SÃO LUÍS;65010-680; ;MA;(98) 991667528; ;(98) 92040399;Secretaria estadual em conjunto com outras políticas setoriais;Não;Não;Não;Não;Sim;Não;Não;Sim;Transferência de Renda;Sim, na estrutura formal do órgão gestor;Sim, na estrutura formal do órgão gestor;Sim, na estrutura formal do órgão gestor;Sim, na estrutura formal do órgão gestor;Sim, na estrutura formal do órgão gestor;Não constituída;Não constituída;Sim, na estrutura formal do órgão gestor;Não; ; ; ; ; ; ; ; ; ; ; ; ; ; ; ; ; ; ; ; ; ; ;Sim, em processo de validação e debate pela SEAS;Não; ; ;5;51;18;74;0;0;0;0;0;25;61;86;0;16;1;17;5;92;80;177;24;87;24;135;0;8;16;24;0;25;64;89;3;57;16;76;27;177;120;324;26;3;8;16;0;0;0;2;4;9;1;0;0;Não; ; ; ; ;Não; ; ; ; ;Sim;10/04/2014;Sim;33;Sim;Não;Sim;3;Não;Sim;Sim;694;Sim;Não;Não; ; ; ;Não;Sim;Sim;Sim;Sim;Não;Expansões de serviços, Demandas do MDS.;Não;Sim;Sim;Não;Sim;Sim;Não; ;86;Frequentemente;Muito Frequentemente;Raramente;Frequentemente;Frequentemente;Frequentemente;Frequentemente;Muito Frequentemente;Muito Frequentemente;Raramente;Muito Frequentemente;Muito Frequentemente;Frequentemente;Frequentemente;Frequentemente;Frequentemente;Frequentemente;Frequentemente;Frequentemente;Raramente;Frequentemente;Raramente;Frequentemente;Frequentemente;Sim;2;3;5;Sim;Não;Não;Não;Não;Não;Não;Sim, a totalidade dos recursos próprios é registrada no FEAS;Outro Funcionário da Secretaria de Assistência Social;Sim;Não;Não;Não;Não;Não;Não;Não; ;Anualmente;2750000;2500000;938739,73;1007904,04;Sim, fundo-a-fundo;Sim;O cofinanciamento é realizado por serviço socioassistencial (PAIF, PAEFI, entre outros); ;Sim;Não possui frequência regular;Sim;Sim;Sim;Sim;Não;Não;Sim, houve construção e/ou reforma direta pelo estado de unidades da assistência social nos municípios;33;33;0;6;6;0;19;19;0;8;8;0;44;44;0;44;44;0;44;44;0;0;0;0;608130;331640;0;0;Não; ;Não; ; ; ; ; ; ; ; ; ; ; ; ; ; ; ; ; ; ; ; ; ; ; ; ; ;Sim;Não;Não;Não;Não;Sim;Não;Não;Não;Não;Sim;Não;Não;Não;Não;Não;Não;Não;Não;Não;Não;Não;Não;Não;Não;Não;Não;Não;Não;Não;Não;Não;Não;Não;Não;Não;Não;Não;Não;Não;Não;Não;Não;Não;Não;Não;Sim;Não;Não;Não; ; ; ; ;Sim;Sim, possui estudo/diagnóstico sobre a oferta dos serviços de média e alta complexidade no estado;Não;Não; ; ; ; ; ; ; ; ; ; ; ; ; ;Não; ; ; ; ; ; ; ; ; ; ; ; ; ; ; ; ; ; ; ;Sim;Sim;Sim;Sim;Sim;Sim;Sim;Não;Não; ;Não;Não;Não;Não;Não;Não;Não;Não;Não;Não;Sim;Sim;Sim;Sim;Sim;Sim;Sim;Sim;Sim;Sim;Sim;Sim;Não;Não; ;Sim;3;0;3;Sim;Não;Sim;Não;Sim;Não;Sim;Sim;Muito Frequentemente;Não; ; ; ; ; ; ; ; ; ; ;Sim;Sim;Sim;Sim;4;Sim, para ambas;Não; ;Não; ;Não; ;Não; ;6;6;2;2;1;1;1;1;1;1;1;1;Não; ;Sim;Sim;Sim;Sim;Sim;Mensalmente;7;0;3;Não;Não;Não;Sim;Não;Não;Não;Não;Não;Não;Não;Não;Não; ;27/11/2015;SECRETÁRIA ADJUNTA;Não;SUPERVISORA DE VIGILÂNCIA SOCIOASSISTENC
31;MG;Sudeste;19597330;853;SUBSECRETARIA DE ESTADO DE ASSISTENCIA SOCIAL - SUBAS;Rodovia;PREFEITO AMERICO GIANETTI;0;14º andar - Prédio Minas;SERRA VERDE;CIDADE ADMINISTRATIVA DO GOVERNO DE MINAS GERAIS;30630-900; ;MG;(31) 39168044; ;(31) 39168044;Secretaria estadual em conjunto com outras políticas setoriais;Não;Não;Não;Não;Não;Sim;Não;Não; ;Sim, na estrutura formal do órgão gestor;Sim, na estrutura formal do órgão gestor;Sim, de maneira informal;Sim, na estrutura formal do órgão gestor;Sim, na estrutura formal do órgão gestor;Sim, na estrutura formal do órgão gestor;Sim, de maneira informal;Sim, na estrutura formal do órgão gestor;Sim;2011; ;Sim;Sim;Sim;Sim;Sim;Não;Sim;Sim;Sim;Sim;Sim;Não;Não;Não;Sim;Sim;Não;Não;Não; ;Não;Sim;De quatro em quatro anos;2013;11;43;129;183;0;0;0;0;2;15;39;56;3;17;5;25;16;75;173;264;11;43;129;183;0;0;0;0;2;15;39;56;3;17;5;25;16;75;173;264;53;34;8;1;0;0;2;0;4;14;2;0;0;Não; ; ; ; ;Não; ; ; ; ;Sim;19/03/2012;Sim;467;Sim;Não;Não; ; ; ;Sim;5231;Sim;Não;Sim;12319;Sim;Não;Sim;Sim;Sim;Sim;Sim;Não;Apuração de denúncias.;Sim;Não;Sim;Sim;Sim;Sim;Não; ;24;Frequentemente;Muito Frequentemente;Nunca;Muito Frequentemente;Muito Frequentemente;Frequentemente;Frequentemente;Frequentemente;Muito Frequentemente;Raramente;Muito Frequentemente;Muito Frequentemente;Frequentemente;Frequentemente;Frequentemente;Raramente;Raramente;Raramente;Raramente;Raramente;Raramente;Raramente;Frequentemente;Muito Frequentemente;Sim;3;3;6;Não;Não;Sim;Não;Não;Não;Não;Sim, a totalidade dos recursos próprios é registrada no FEAS;Outro Funcionário da Secretaria de Assistência Social;Não;Não;Não;Não;Não;Não;Não;Sim;Quantidade insuficiente de recursos humanos.;Semestralmente;673603;2833753;543835,66;10200,12;Sim, ambos;Sim;O cofinanciamento é comum a todos os serviços socioassistenciais; ;Sim;Mensalmente;Sim;Sim;Sim;Sim;Não;Sim;Não;853;853;0;613;613;0;199;199;0;133;133;0;853;853;0;788;788;0;788;788;0;788;788;0;56423688,44;16803138,29;420000;0;Não; ;Não; ; ; ; ; ; ; ; ; ; ; ; ; ; ; ; ; ; ; ; ; ; ; ; ; ;Não; ; ; ; ; ; ; ; ; ; ; ; ; ; ; ; ; ; ; ; ; ; ; ; ; ; ; ; ; ; ; ; ; ; ; ; ; ; ; ; ; ; ; ; ; ;Não;Não;Sim;Sim;31;0;1;31;Sim;Sim, possui estudo/diagnóstico sobre a oferta dos serviços de média e alta complexidade no estado;Sim;Sim;Sim;Sim;Sim;Sim;Não;Não; ;Sim;4;Não; ;Não; ;Não; ; ; ; ; ; ; ; ; ; ; ; ; ; ; ; ; ; ; ;Sim;Não;Sim;Não;Não; ; ; ; ; ;Sim;Sim;Sim;Sim;Não;Sim;Não;Sim;Sim;Não;Sim;Sim;Sim;Sim;Sim;Sim;Sim;Sim;Sim;Sim;Sim;Sim;Sim;Sim;Elaboração de mapas.;Sim;10;0;10;Sim;Sim;Sim;Não;Sim;Não;Sim;Sim;Muito Frequentemente;Sim;Não;Sim;Sim;Sim;Não;Sim;Sim;Sim;Sim;Monitorar a execução financeira pelos municípios dos recursos do cofinanciamento estadual.;Sim;Sim;Sim;Sim;13;Sim, para ambas;Sim;4;Sim;2;Não; ;Sim;172;6;6;2;2;1;1;1;1;1;1;1;1;Não; ;Sim;Sim;Não;Não;Sim;Mensalmente;8;0;4;Não;Não;Não;Sim;Não;Sim;Não;Não;Sim;Sim;Sim;Não;Não; ;02/12/2015;Diretora de Vigilância Social e Monitora;Não;Diretora de Vigilância Social e Monitora
50;MS;Centro-Oeste;2449024;79;SECRETARIA DE ESTADO DE DIREITOS HUMANOS, ASSISTÊNCIA SOCIAL E TRABALHO;Avenida;DESEMBARGADOR JOSÉ NUNES DA CUNHA, BLOCO III;S/N; ;JARDIM VERANEIO; ;79031-310; ;MS;(67) 33184100;4141;(67) 33184111;Secretaria estadual em conjunto com outras políticas setoriais;Não;Não;Não;Não;Sim;Sim;Sim;Sim;Mulher, Juventude, Indígena, Igualdade Racial e Cidadania;Sim, na estrutura formal do órgão gestor;Sim, na estrutura formal do órgão gestor;Sim, de maneira informal;Sim, na estrutura formal do órgão gestor;Sim, na estrutura formal do órgão gestor;Sim, na estrutura formal do órgão gestor;Sim, de maneira informal;Sim, na estrutura formal do órgão gestor;Não; ; ; ; ; ; ; ; ; ; ; ; ; ; ; ; ; ; ; ; ; ; ;Sim, em processo de validação e debate pela SEAS;Sim;De quatro em quatro anos;2013;94;77;66;237;0;0;0;0;0;17;22;39;0;0;40;40;94;94;128;316;115;87;81;283;0;0;0;0;0;17;23;40;0;18;46;64;115;122;150;387;37;13;13;6;0;0;0;1;0;1;1;0;0;Não; ; ; ; ;Não; ; ; ; ;Sim;23/04/2012;Sim;48;Sim;Não;Não; ; ; ;Sim;1072;Sim;Não;Não; ; ; ;Sim;Sim;Sim;Sim;Sim;Não;Plano de Providências;Sim;Sim;Sim;Não;Sim;Sim;Sim;Assessoramento técnico na Secretaria de Estado;79;Muito Frequentemente;Muito Frequentemente;Muito Frequentemente;Muito Frequentemente;Muito Frequentemente;Muito Frequentemente;Muito Frequentemente;Muito Frequentemente;Muito Frequentemente;Muito Frequentemente;Muito Frequentemente;Muito Frequentemente;Muito Frequentemente;Muito Frequentemente;Muito Frequentemente;Muito Frequentemente;Muito Frequentemente;Muito Frequentemente;Muito Frequentemente;Muito Frequentemente;Muito Frequentemente;Frequentemente;Frequentemente;Frequentemente;Sim;0;0;0;Não;Não;Sim;Não;Não;Não;Não;Sim, a maior parte dos recursos próprios é registrada no FEAS;O Secretário(a) Estadual da Assistência Social;Não;Não;Sim;Não;Sim;Sim;Sim;Sim;Dificuldade no entendimento da Gestão do SUAS;Semestralmente;178004900;198852200;166749424,7;173198067,7;Sim, fundo-a-fundo;Sim;O cofinanciamento é comum a todos os serviços socioassistenciais; ;Sim;Mensalmente;Sim;Sim;Sim;Sim;Não;Sim;Sim, houve construção e/ou reforma direta pelo estado de unidades da assistência social nos municípios;79;79;0;79;79;0;79;79;0;79;79;0;79;79;0;79;79;0;79;79;0;79;79;0;103377454,2;11204517,12;1794000;1910000;Não; ;Sim;Não;Não;Não;Não;Não;Não;Não;Não;Não;Não;Não;Não;Não;Não;Não;Não;Não;Não;Sim;Não;Não;Não;Não;Não;Não;Sim;Não;Não;Não;Não;Não;Não;Não;Não;Não;Não;Não;Não;Não;Não;Não;Não;Não;Não;Sim;Não;Não;Não;Não;Sim;Não;Não;Não;Não;Não;Não;Não;Não;Não;Não;Não;Não;Não;Não;Não;Não;Não;Não;Não;Não;Não;Não;Sim;Sim;Sim;29;13;9;7;Sim;Sim, possui estudo/diagnóstico sobre a oferta dos serviços de média e alta complexidade no estado;Não;Não; ; ; ; ; ; ; ; ; ; ; ; ; ;Sim;Não;Não;Não;Sim;Sim;Não;Não;Não;Não;Não; ;Não; ;Sim;10;Não; ;Não; ;Sim;Sim;Sim;Não;Não; ; ; ; ; ;Sim;Sim;Sim;Não;Não;Sim;Não;Sim;Sim;Não;Sim;Não;Sim;Não;Sim;Não;Sim;Sim;Sim;Não;Não;Sim;Sim;Não; ;Sim;4;0;4;Sim;Não;Não;Não;Sim;Não;Sim;Sim;Frequentemente;Sim;Não;Sim;Sim;Sim;Sim;Sim;Sim;Não;Sim;Registrar o controle social dos CMAS;Sim;Sim;Sim;Sim;5;Sim, Somente fornece ajuda de custo para participação nas reuniões do CEAS;Sim;8;Não; ;Não; ;Não; ;6;6;2;2;1;2;1;0;1;1;1;1;Sim;Sim;Sim;Sim;Sim;Sim;Sim;Mensalmente;11;0;5;Não;Não;Sim;Sim;Sim;Sim;Não;Não;Não;Não;Não;Não;Não; ;03/12/2015;Superintendente;Não;Coordenadora
51;MT;Centro-Oeste;3035122;141;SECRETARIA DE ESTADO DE TRABALHO E ASSISTENCIA SOCIAL;Avenida;TRANSVERSAL BLOCO B;0;s/n;Centro Politico Administrativo;CENTRO POLÍTICO ADMINISTRATIVO;78050-970; ;MT;(65) 36135711;11;(65) 36135711;Secretaria estadual em conjunto com outras políticas setoriais;Não;Não;Não;Não;Sim;Sim;Não;Sim;Cidadania;Sim, na estrutura formal do órgão gestor;Sim, na estrutura formal do órgão gestor;Sim, na estrutura formal do órgão gestor;Sim, na estrutura formal do órgão gestor;Sim, de maneira informal;Não constituída;Não constituída;Sim, na estrutura formal do órgão gestor;Não; ; ; ; ; ; ; ; ; ; ; ; ; ; ; ; ; ; ; ; ; ; ;Sim, em processo de validação e debate pela SEAS;Não; ; ;22;53;78;153;0;0;1;1;0;31;0;31;0;0;0;0;22;84;79;185;37;169;87;293;0;0;1;1;0;32;0;32;0;0;0;0;37;201;88;326;30;8;4;0;0;0;0;0;1;1;1;0;0;Não; ; ; ; ;Não; ; ; ; ;Sim;18/04/2012;Sim;15;Não;Sim;Não; ; ; ;Sim;1698;Sim;Sim;Não; ; ; ;Não;Sim;Não;Não;Sim;Não;Visitas para acompanhamento de expansões.;Sim;Sim;Não;Não;Sim;Sim;Sim;Campanhas de sensibilização. Temas: Combate ao abuso e exploração sexual de crianças e adolescentes, Semana estadual da pessoa com deficiência, Semana Nacional do idoso.;85;Frequentemente;Raramente;Muito Frequentemente;Muito Frequentemente;Frequentemente;Frequentemente;Frequentemente;Frequentemente;Frequentemente;Muito Frequentemente;Frequentemente;Frequentemente;Muito Frequentemente;Frequentemente;Frequentemente;Nunca;Nunca;Raramente;Raramente;Frequentemente;Frequentemente;Raramente;Frequentemente;Raramente;Sim;0;0;0;Não;Não;Sim;Não;Não;Não;Não;Sim, a totalidade dos recursos próprios é registrada no FEAS;Outro Funcionário da Secretaria de Assistência Social;Não;Não;Não;Não;Sim;Sim;Não;Não; ;Mensalmente;17592032,89;22138342,74;16007405,18;19480873,72;Sim, fundo-a-fundo;Sim;O cofinanciamento é comum a todos os serviços socioassistenciais; ;Sim;Anualmente;Sim;Sim;Sim;Sim;Sim;Não;Não;141;141;0;141;141;0;141;141;0;141;141;0;141;141;0;141;141;0;141;141;0;141;141;0;4618000;0;0;0;Não; ;Não; ; ; ; ; ; ; ; ; ; ; ; ; ; ; ; ; ; ; ; ; ; ; ; ; ;Sim;Não;Não;Não;Sim;Não;Não;Não;Não;Não;Não;Não;Não;Não;Não;Não;Não;Não;Não;Não;Não;Não;Não;Não;Não;Não;Não;Não;Não;Não;Não;Não;Não;Não;Não;Não;Não;Não;Não;Não;Não;Não;Não;Não;Não;Não;Sim;Não;Não;Não; ; ; ; ;Sim;Sim, possui estudo/diagnóstico sobre a oferta dos serviços de alta complexidade no estado;Não;Não; ; ; ; ; ; ; ; ; ; ; ; ; ;Não; ; ; ; ; ; ; ; ; ; ; ; ; ; ; ; ; ; ; ;Não; ; ; ;Não; ; ; ; ; ;Sim;Não;Não;Sim;Não;Sim;Não;Sim;Sim;Não;Sim;Não;Não;Não;Sim;Não;Sim;Sim;Sim;Sim;Sim;Não;Sim;Não; ;Não; ; ; ;Sim;Não;Sim;Não;Sim;Não;Sim;Não;Frequentemente;Não; ; ; ; ; ; ; ; ; ; ;Sim;Sim;Sim;Sim;3;Sim, para ambas;Não; ;Não; ;Não; ;Não; ;6;6;2;2;1;1;1;1;1;1;1;1;Sim;Sim;Sim;Sim;Sim;Sim;Sim;Bimestralmente;4;0;4;Não;Não;Não;Sim;Não;Sim;Não;Não;Não;Sim;Não;Não;Sim;Calendário da CIB e entrega do relatório anual.;25/11/2015;Secretaria Adjunta de Assitência Social;Sim; 
15;PA;Norte;7581051;144;SECRETARIA DE ESTADO  DE ASSISTÊNCIA SOCIAL, TRABALHO, EMPREGO E RENDA;Avenida;GOVERNADOR JOSÉ MALCHER;1018;entre a Alameda Joaquim Nabuco e Av. Wandecolk;NAZARÉ;PANIFICADORA METROPOLE;66055-260; ;PA;(91) 32391414; ;(91) 32196304;Secretaria estadual em conjunto com outras políticas setoriais;Não;Não;Não;Não;Sim;Sim;Não;Não; ;Sim, de maneira informal;Sim, de maneira informal;Sim, de maneira informal;Sim, de maneira informal;Sim, de maneira informal;Sim, de maneira informal;Não constituída;Sim, na estrutura formal do órgão gestor;Não; ; ; ; ; ; ; ; ; ; ; ; ; ; ; ; ; ; ; ; ; ; ;Não;Sim;Anualmente;2014;26;85;133;244;0;0;0;0;0;0;34;34;0;0;0;0;26;85;167;278;112;273;168;553;0;0;0;0;0;0;48;48;0;0;0;0;112;273;216;601;106;28;13;3;0;0;14;4;4;8;6;0;1;Não; ; ; ; ;Não; ; ; ; ;Sim;20/06/2012;Sim;150;Sim;Não;Não; ; ; ;Sim;908;Sim;Não;Não; ; ; ;Não;Sim;Sim;Sim;Não;Não; ;Não;Sim;Sim;Não;Sim;Sim;Não; ;144;Frequentemente;Frequentemente;Frequentemente;Frequentemente;Frequentemente;Frequentemente;Frequentemente;Frequentemente;Frequentemente;Frequentemente;Frequentemente;Frequentemente;Frequentemente;Frequentemente;Frequentemente;Frequentemente;Frequentemente;Frequentemente;Frequentemente;Frequentemente;Frequentemente;Frequentemente;Frequentemente;Frequentemente;Sim;0;0;0;Não;Não;Sim;Não;Não;Não;Não;Sim, a totalidade dos recursos próprios é registrada no FEAS;O Secretário(a) Estadual da Assistência Social;Não;Não;Não;Sim;Não;Não;Não;Não; ;Bimestralmente;34469552;52135161;27236820,97;33279059,79;Sim, fundo-a-fundo;Sim;O cofinanciamento é realizado por nível de proteção (PSB/PSE - Média ou Alta Complexidade); ;Sim;Anualmente;Não;Não;Sim;Sim;Não;Sim;Não;121;121;0;121;121;0;121;121;0;121;121;0;0;0;0;0;0;0;0;0;0;0;0;0;818300;285900;0;0;Não; ;Não; ; ; ; ; ; ; ; ; ; ; ; ; ; ; ; ; ; ; ; ; ; ; ; ; ;Sim;Não;Não;Não;Não;Não;Não;Não;Não;Não;Sim;Não;Não;Não;Não;Sim;Não;Não;Não;Não;Não;Não;Não;Não;Não;Sim;Não;Não;Não;Não;Não;Não;Não;Não;Não;Não;Não;Não;Não;Não;Não;Não;Não;Não;Não;Não;Não;Não;Não;Sim;2;0;0;2;Sim;Sim, possui estudo/diagnóstico sobre a oferta dos serviços de média complexidade no estado;Não;Não; ; ; ; ; ; ; ; ; ; ; ; ; ;Sim;Não;Não;Não;Não;Sim;Não;Não;Não;Não;Não; ;Não; ;Não; ;Não; ;Não; ;Sim;Sim;Sim;Não;Sim;Não;Não;Sim;Não; ;Sim;Sim;Sim;Sim;Sim;Sim;Sim;Sim;Sim;Sim;Sim;Sim;Sim;Sim;Sim;Sim;Sim;Sim;Sim;Sim;Sim;Sim;Sim;Não; ;Sim;9;5;14;Sim;Sim;Sim;Sim;Sim;Não;Sim;Sim;Frequentemente;Sim;Não;Sim;Sim;Sim;Sim;Sim;Sim;Não;Sim;Monitoramento;Sim;Sim;Sim;Sim;6;Sim, para ambas;Não; ;Não; ;Não; ;Não; ;7;7;2;2;2;2;1;1;1;1;1;1;Sim;Sim;Sim;Sim;Sim;Não;Não;Semestralmente;2;0;3;Não;Sim;Não;Sim;Não;Não;Não;Não;Sim;Sim;Não;Não;Não; ;27/11/2015;socióloga/coordenadora;Não;socióloga/coordenadora
25;PB;Nordeste;3766528;223;SECRETARIA DE ESTADO DO DESENVOLVIMENTO HUMANO;Avenida;EPITÁCIO PESSOA;2501;0;PEDRO GONDIM;Em Frente a GVT;58030-002; ;PB;(83) 32145531;6660;(83) 32186660;Secretaria estadual exclusiva da área de Assistência Social; ; ; ; ; ; ; ; ; ;Sim, na estrutura formal do órgão gestor;Sim, na estrutura formal do órgão gestor;Sim, de maneira informal;Sim, de maneira informal;Sim, de maneira informal;Sim, de maneira informal;Sim, de maneira informal;Sim, na estrutura formal do órgão gestor;Não; ; ; ; ; ; ; ; ; ; ; ; ; ; ; ; ; ; ; ; ; ; ;Sim, em elaboração pela SEAS;Sim;Anualmente;2013;50;94;119;263;0;0;0;0;5;47;79;131;50;130;305;485;105;271;503;879;246;402;283;931;0;0;0;0;9;87;114;210;210;430;711;1351;465;919;1108;2492;138;71;72;63;0;0;1;0;6;34;9;0;0;Não; ; ; ; ;Não; ; ; ; ;Não; ;Sim;134;Sim;Não;Sim;20;Não;Sim;Sim;1264;Sim;Não;Não; ; ; ;Sim;Sim;Sim;Sim;Não;Não; ;Sim;Não;Sim;Não;Sim;Sim;Não; ;223;Frequentemente;Frequentemente;Frequentemente;Raramente;Frequentemente;Frequentemente;Frequentemente;Frequentemente;Frequentemente;Frequentemente;Raramente;Raramente;Raramente;Frequentemente;Frequentemente;Raramente;Frequentemente;Frequentemente;Frequentemente;Raramente;Frequentemente;Frequentemente;Frequentemente;Raramente;Sim;4;1;5;Não;Não;Sim;Não;Não;Sim;Não;Sim, a menor parte dos recursos próprios é registrada no FEAS;O Secretário(a) Estadual da Assistência Social;Não;Não;Não;Não;Não;Não;Sim;Não; ;Anualmente;6646492,88;8747986,11;6646492,88;8747986,11;Não; ; ; ; ; ; ; ; ; ; ; ; ; ; ; ; ; ; ; ; ; ; ; ; ; ; ; ; ; ; ; ; ; ; ; ; ; ; ; ; ;Não; ;Sim;Sim;Sim;Sim;Sim;Sim;Não;Não;Não;Não;Não;Não;Não;Não;Não;Não;Não;Não;Não;Não;Não;Não;Não;Não;Não;Não;Sim;Não;Não;Não;Não;Não;Não;Não;Não;Sim;Não;Não;Não;Não;Não;Não;Não;Não;Não;Não;Não;Não;Não;Não;Não;Não;Não;Não;Não;Não;Não;Não;Não;Não;Não;Não;Não;Não;Não;Não;Não;Não;Não;Não;Não;Não;Não;Não;Sim;Não;2;0;2;0;Sim;Sim, possui estudo/diagnóstico sobre a oferta dos serviços de média e alta complexidade no estado;Sim;Sim;Sim;Sim;Sim;Sim;Sim;Sim;26;Não; ;Não; ;Não; ;Não; ; ; ; ; ; ; ; ; ; ; ; ; ; ; ; ; ; ; ;Sim;Sim;Sim;Não;Não; ; ; ; ; ;Sim;Sim;Sim;Não;Não;Sim;Sim;Não;Sim;Sim;Sim;Não;Sim;Sim;Sim;Sim;Não;Sim;Sim;Sim;Sim;Sim;Sim;Não; ;Sim;5;2;7;Sim;Sim;Sim;Sim;Não;Não;Não;Sim;Raramente;Sim;Sim;Não;Não;Sim;Não;Não;Não;Não;Não; ;Sim;Sim;Sim;Sim;4;Sim, para ambas;Não; ;Não; ;Não; ;Não; ;6;6;3;5;1;1;0;0;2;0;0;0;Sim;Sim;Sim;Sim;Sim;Não;Não;Mensalmente;8;3;4;Não;Não;Sim;Sim;Sim;Não;Não;Não;Não;Não;Não;Sim;Não; ;23/11/2015;Secrteária;Não;Coordenadora
26;PE;Nordeste;8796448;185;SECRETARIA DE DESENVOLVIMENTO SOCIAL, CRIANÇA E JUVENTUDE;Avenida;CRUZ CABUGÁ;665;0;SANTO AMARO;Ao lado da Casa da Indústria;50040-000; ;PE;(81) 31833000;3001;(81) 31833007;Secretaria estadual em conjunto com outras políticas setoriais;Não;Não;Não;Sim;Sim;Não;Não;Sim;CRIANÇA E JUVENTUDE;Sim, na estrutura formal do órgão gestor;Sim, na estrutura formal do órgão gestor;Sim, de maneira informal;Sim, na estrutura formal do órgão gestor;Sim, na estrutura formal do órgão gestor;Sim, de maneira informal;Sim, de maneira informal;Sim, na estrutura formal do órgão gestor;Não; ; ; ; ; ; ; ; ; ; ; ; ; ; ; ; ; ; ; ; ; ; ;Sim, já em tramitação no legislativo;Sim;De quatro em quatro anos;2012;0;3;5;8;0;0;0;0;0;0;9;9;1;13;48;62;1;16;62;79;24;27;26;77;0;0;0;0;0;0;10;10;23;141;198;362;47;168;234;449;72;43;28;17;0;0;5;3;0;21;1;1;0;Não; ; ; ; ;Não; ; ; ; ;Sim;17/03/2015;Sim;966;Sim;Não;Sim;220;Sim;Não;Sim;4771;Sim;Não;Sim;876;Sim;Não;Sim;Sim;Sim;Sim;Sim;Não;INDICADORES DE GESTÃO;Não;Não;Sim;Sim;Sim;Sim;Não; ;184;Frequentemente;Muito Frequentemente;Raramente;Muito Frequentemente;Muito Frequentemente;Muito Frequentemente;Frequentemente;Muito Frequentemente;Muito Frequentemente;Frequentemente;Frequentemente;Frequentemente;Frequentemente;Muito Frequentemente;Muito Frequentemente;Frequentemente;Muito Frequentemente;Muito Frequentemente;Frequentemente;Raramente;Muito Frequentemente;Frequentemente;Frequentemente;Frequentemente;Sim;2;6;8;Sim;Não;Não;Não;Não;Não;Não;Sim, a totalidade dos recursos próprios é registrada no FEAS;O Secretário(a) Estadual da Assistência Social;Sim;Não;Não;Não;Não;Não;Não;Não; ;Semestralmente;69066859,35;84848125,52;77416863,73;78076166,41;Sim, fundo-a-fundo;Sim;Outra organização;COFINANCIA PROGRAMAS SOCIOASSISTENCIAIS;Sim;Mensalmente;Sim;Sim;Sim;Não;Não;Sim;Não;183;183;0;183;183;0;41;41;0;0;0;0;0;0;0;0;0;0;0;0;0;0;0;0;12861500;26742200;0;0;Sim;Sim, para todos eles;Sim;Não;Não;Não;Não;Não;Sim;Não;Sim;Não;Não;Sim;Não;Sim;Não;Não;Sim;Não;Sim;Não;Não;Não;Não;Não;Não;Não;Sim;Não;Não;Sim;Não;Sim;Não;Não;Não;Não;Não;Não;Não;Não;Não;Não;Não;Não;Não;Sim;Sim;Não;Não;Não;Não;Não;Não;Não;Não;Não;Não;Não;Não;Não;Não;Não;Não;Não;Não;Não;Não;Não;Não;Não;Não;Não;Não;Sim;Sim;Sim;74;47;10;17;Sim;Sim, possui estudo/diagnóstico sobre a oferta dos serviços de média e alta complexidade no estado;Sim;Sim;Sim;Não;Não;Não;Não;Sim;13;Não; ;Não; ;Não; ;Não; ; ; ; ; ; ; ; ; ; ; ; ; ; ; ; ; ; ; ;Não; ; ; ;Sim;Não;Não;Sim;Sim;VULNERABILIDADE TEMPORÁRIA;Sim;Sim;Sim;Sim;Sim;Sim;Sim;Sim;Sim;Não;Sim;Sim;Não;Não;Sim;Sim;Sim;Sim;Sim;Sim;Sim;Sim;Sim;Não; ;Sim;4;1;5;Sim;Sim;Sim;Não;Sim;Sim;Sim;Sim;Muito Frequentemente;Sim;Sim;Sim;Sim;Sim;Sim;Sim;Não;Não;Sim;CADASTRAR ÓRGÃOS DE CONTROLE, REALIZAR PESQUISAS E CONSULTAS PÚBLICAS, REGISTRAR INDICADORES SOCIAIS E DADOS MUNICIPAIS;Sim;Sim;Sim;Sim;5;Sim, para ambas;Sim;60;Sim;30;Sim;382;Sim;120;6;6;2;2;1;1;1;1;1;1;1;1;Não; ;Sim;Sim;Sim;Sim;Não;Bimestralmente;7;0;3;Sim;Sim;Não;Sim;Sim;Não;Não;Não;Sim;Sim;Não;Sim;Não; ;25/11/2015;GESTOR DO SUAS;Não;COORDENADORA DE VIGILÂNCIA
22;PI;Nordeste;3118360;224;SECRETARIA DA ASSISTENCIA SOCIAL E CIDADANIA - SASC;Rua;ACRE;340; ;CABRAL;PROXIMO A ASSEMBLEIA LEGISLATIVA;64001-650; ;PI;(86) 32264880; ;(86) 32217126;Secretaria estadual exclusiva da área de Assistência Social; ; ; ; ; ; ; ; ; ;Sim, na estrutura formal do órgão gestor;Sim, na estrutura formal do órgão gestor;Sim, na estrutura formal do órgão gestor;Sim, na estrutura formal do órgão gestor;Sim, de maneira informal;Sim, de maneira informal;Sim, na estrutura formal do órgão gestor;Não constituída;Não; ; ; ; ; ; ; ; ; ; ; ; ; ; ; ; ; ; ; ; ; ; ;Sim, em elaboração pela SEAS;Sim;Mais de quatro anos;2004;30;25;70;125;2;0;0;2;4;30;75;109;20;50;25;95;56;105;170;331;155;160;300;615;4;7;2;13;12;43;136;191;190;215;257;662;361;425;695;1481;40;3;3;0;0;0;0;0;0;0;0;0;0;Não; ; ; ; ;Não; ; ; ; ;Sim;11/04/2012;Não; ; ; ;Não; ; ; ;Sim;664;Sim;Sim;Não; ; ; ;Sim;Sim;Sim;Sim;Não;Não; ;Sim;Sim;Sim;Não;Sim;Sim;Não; ;4;Raramente;Frequentemente;Frequentemente;Muito Frequentemente;Frequentemente;Frequentemente;Frequentemente;Frequentemente;Frequentemente;Frequentemente;Frequentemente;Frequentemente;Frequentemente;Frequentemente;Frequentemente;Frequentemente;Muito Frequentemente;Raramente;Frequentemente;Frequentemente;Frequentemente;Frequentemente;Frequentemente;Frequentemente;Sim;0;0;0;Não;Não;Não;Sim;Não;Não;Não;Sim, a maior parte dos recursos próprios é registrada no FEAS;O Secretário(a) Estadual da Assistência Social;Não;Não;Não;Sim;Sim;Não;Não;Não; ;Anualmente; ; ; ; ;Não; ; ; ; ; ; ; ; ; ; ; ; ; ; ; ; ; ; ; ; ; ; ; ; ; ; ; ; ; ; ; ; ; ; ; ; ; ; ; ; ;Sim;Sim, para alguns deles;Não; ; ; ; ; ; ; ; ; ; ; ; ; ; ; ; ; ; ; ; ; ; ; ; ; ;Sim;Não;Não;Não;Sim;Não;Não;Não;Não;Sim;Não;Não;Não;Não;Não;Não;Não;Não;Não;Não;Não;Não;Não;Não;Sim;Não;Não;Não;Não;Não;Não;Não;Não;Não;Não;Não;Não;Não;Não;Não;Não;Não;Não;Não;Não;Não;Não;Sim;Sim;Não;3;2;1;0;Sim;Não possui estudo/diagnóstico sobre a oferta dos serviços de proteção social especial no estado;Não;Não; ; ; ; ; ; ; ; ; ; ; ; ; ;Não; ; ; ; ; ; ; ; ; ; ; ; ; ; ; ; ; ; ; ;Não; ; ; ;Sim;Sim;Não;Sim;Não; ;Não;Não;Não;Não;Não;Não;Não;Sim;Não;Não;Não;Sim;Não;Não;Sim;Sim;Sim;Sim;Sim;Sim;Sim;Sim;Não;Não; ;Não; ; ; ;Sim;Sim;Sim;Sim;Sim;Sim;Sim;Sim;Frequentemente;Não; ; ; ; ; ; ; ; ; ; ;Sim;Sim;Sim;Sim;1;Sim, somente fornece ajuda de custo para participação nas conferências estaduais;Não; ;Não; ;Não; ;Não; ;6;6;3;3;0;1;1;2;2;0;0;0;Sim;Sim;Sim;Sim;Sim;Não;Não;Mensalmente;8;1;3;Sim;Sim;Sim;Sim;Não;Sim;Não;Não;Sim;Sim;Não;Não;Não; ;27/11/2015;DIRETORA DA UNIDADE DE GESTÃO DO SUAS;Sim; 
41;PR;Sul;10444526;399;Secretaria de Estado do Trabalho e Desenvolvimento Social - SEDS;Rua;Jacy Loureiro Campos, s/nº;0; ;Centro Cívico; ;80530-915; ;PR;(41) 32102463; ;(41) 32102873;Secretaria estadual em conjunto com outras políticas setoriais;Não;Não;Não;Não;Não;Sim;Não;Não; ;Sim, na estrutura formal do órgão gestor;Sim, na estrutura formal do órgão gestor;Sim, de maneira informal;Sim, na estrutura formal do órgão gestor;Sim, de maneira informal;Sim, de maneira informal;Sim, de maneira informal;Sim, na estrutura formal do órgão gestor;Não; ; ; ; ; ; ; ; ; ; ; ; ; ; ; ; ; ; ; ; ; ; ;Sim, em processo de validação e debate pela SEAS;Sim;Bienalmente;2014;47;58;133;238;0;0;0;0;1;8;153;162;0;0;34;34;48;66;320;434;47;58;133;238;0;0;0;0;1;8;153;162;0;0;34;34;48;66;320;434;114;50;63;6;0;0;3;0;6;28;12;0;1;Não; ; ; ; ;Não; ; ; ; ;Sim;02/08/2013;Sim;434;Sim;Não;Sim;434;Sim;Não;Sim;2864;Sim;Não;Sim;5324;Sim;Não;Sim;Sim;Sim;Sim;Não;Não; ;Sim;Sim;Sim;Sim;Sim;Sim;Não; ;399;Muito Frequentemente;Frequentemente;Raramente;Muito Frequentemente;Muito Frequentemente;Frequentemente;Frequentemente;Muito Frequentemente;Frequentemente;Raramente;Raramente;Raramente;Raramente;Frequentemente;Frequentemente;Frequentemente;Frequentemente;Frequentemente;Frequentemente;Raramente;Frequentemente;Raramente;Frequentemente;Muito Frequentemente;Sim;2;0;2;Não;Não;Sim;Não;Não;Não;Não;Sim, a totalidade dos recursos próprios é registrada no FEAS;O Secretário(a) Estadual da Assistência Social;Não;Não;Não;Não;Não;Não;Sim;Sim;Legislação, Licitações e Prazos.;Mensalmente;3855540;105487920;5157487,25;35866965,16;Sim, ambos;Sim;O cofinanciamento é comum a todos os serviços socioassistenciais; ;Sim;Mensalmente;Sim;Sim;Sim;Sim;Sim;Sim;Sim, houve repasse de recursos aos municípios para construção e/ou reforma de unidades da assistência social;197;197;0;85;85;0;34;34;0;130;130;0;86;86;0;86;86;0;86;86;0;86;86;0;3443767;14802577;39000;1009725,7;Não; ;Não; ; ; ; ; ; ; ; ; ; ; ; ; ; ; ; ; ; ; ; ; ; ; ; ; ;Sim;Não;Não;Não;Não;Não;Não;Não;Não;Não;Não;Não;Não;Não;Não;Não;Sim;Não;Não;Não;Não;Não;Não;Não;Não;Não;Não;Não;Não;Não;Não;Não;Não;Não;Não;Não;Não;Não;Não;Não;Não;Não;Não;Não;Não;Não;Não;Não;Sim;Sim;63;0;3;60;Sim;Sim, possui estudo/diagnóstico sobre a oferta dos serviços de média e alta complexidade no estado;Sim;Não; ; ; ; ; ; ; ; ; ; ; ; ; ;Sim;Não;Não;Não;Sim;Não;Não;Não;Não;Não;Não; ;Sim;2;Não; ;Não; ;Não; ;Sim;Sim;Sim;Sim;Sim;Sim;Sim;Sim;Não; ;Sim;Sim;Sim;Sim;Não;Sim;Sim;Sim;Sim;Sim;Sim;Sim;Sim;Sim;Sim;Sim;Sim;Sim;Sim;Sim;Sim;Sim;Sim;Não; ;Sim;10;0;10;Sim;Sim;Sim;Não;Sim;Sim;Sim;Sim;Frequentemente;Sim;Sim;Sim;Sim;Sim;Sim;Sim;Sim;Sim;Sim;Programa Família Paranaense.;Sim;Sim;Sim;Sim;3;Sim, para ambas;Sim;30;Sim;3;Sim;1500;Sim;400;6;6;2;2;1;1;1;1;1;1;1;1;Sim;Sim;Sim;Sim;Sim;Não;Sim;Bimestralmente;7;0;3;Sim;Sim;Sim;Sim;Sim;Sim;Sim;Sim;Sim;Sim;Não;Sim;Não; ;27/11/2015;Coordenadora Estadual da Gestão do SUAS;Não;Coordenadora Estadual da Gestão do SUAS
33;RJ;Sudeste;15989929;92;Secretaria de Estado de Assistência Social e Direitos Humanos;Praça;Cristiano Otoni;s/n;Prédio da Central do Brasil;Centro;Prédio da Central do Brasil;20221-250; ;RJ;(21) 23345532; ;(21) 23345559;Secretaria estadual em conjunto com outras políticas setoriais;Não;Não;Não;Não;Não;Não;Sim;Não; ;Sim, de maneira informal;Sim, de maneira informal;Sim, na estrutura formal do órgão gestor;Sim, de maneira informal;Sim, de maneira informal;Sim, de maneira informal;Sim, de maneira informal;Sim, na estrutura formal do órgão gestor;Não; ; ; ; ; ; ; ; ; ; ; ; ; ; ; ; ; ; ; ; ; ; ;Sim, já em tramitação no legislativo;Sim;De quatro em quatro anos;2015;0;18;22;40;0;0;0;0;4;15;128;147;0;19;24;43;4;52;174;230;5;20;23;48;14;163;89;266;24;147;136;307;20;23;40;83;63;353;288;704;58;23;7;22;0;0;0;0;8;0;14;2;0;Não; ; ; ; ;Não; ; ; ; ;Sim;10/12/2013;Sim;30;Não;Sim;Não; ; ; ;Sim;442;Sim;Não;Não; ; ; ;Sim;Sim;Não;Não;Sim;Não;temas fixos: gestão financeira, censo suas, acompanhamento familiar.;Sim;Sim;Sim;Não;Sim;Sim;Não; ;92;Frequentemente;Frequentemente;Frequentemente;Frequentemente;Frequentemente;Frequentemente;Frequentemente;Frequentemente;Frequentemente;Frequentemente;Frequentemente;Frequentemente;Frequentemente;Frequentemente;Frequentemente;Frequentemente;Frequentemente;Frequentemente;Frequentemente;Frequentemente;Frequentemente;Raramente;Frequentemente;Raramente;Sim;0;0;0;Não;Não;Sim;Não;Não;Não;Não;Sim, a maior parte dos recursos próprios é registrada no FEAS;O Secretário(a) Estadual da Assistência Social;Não;Sim;Não;Não;Não;Não;Não;Não; ;Anualmente;606455495,3;638785075,2;550995124,6;612812397,5;Sim, fundo-a-fundo;Sim;Cofinancia benefícios; ;Sim;Trimestralmente;Sim;Sim;Sim;Sim;Não;Sim;Não;92;92;0;92;92;0;85;85;0;85;85;0;38;38;0;38;38;0;38;38;0;38;38;0;29325747;19938147;0;0;Não; ;Sim;Não;Não;Não;Não;Não;Não;Não;Não;Não;Não;Não;Não;Não;Não;Não;Não;Não;Não;Não;Não;Não;Não;Não;Sim;Não;Sim;Não;Não;Não;Não;Não;Não;Não;Não;Não;Sim;Não;Não;Não;Não;Não;Não;Sim;Sim;Sim;Não;Não;Não;Não;Não;Não;Não;Não;Não;Não;Não;Não;Não;Não;Não;Não;Não;Não;Não;Não;Não;Não;Não;Não;Não;Não;Não;Não;Não;Sim;9;0;0;9;Sim;Sim, possui estudo/diagnóstico sobre a oferta dos serviços de média e alta complexidade no estado;Sim;Não; ; ; ; ; ; ; ; ; ; ; ; ; ;Não; ; ; ; ; ; ; ; ; ; ; ; ; ; ; ; ; ; ; ;Sim;Sim;Sim;Sim;Sim;Não;Não;Não;Sim;Recambiamento ao estado de origem.;Sim;Não;Sim;Não;Não;Não;Não;Não;Não;Não;Sim;Não;Sim;Não;Sim;Não;Não;Sim;Sim;Sim;Não;Sim;Sim;Não; ;Sim;3;0;3;Sim;Não;Sim;Não;Sim;Não;Sim;Sim;Frequentemente;Não; ; ; ; ; ; ; ; ; ; ;Sim;Sim;Sim;Sim;4;Sim, somente fornece ajuda de custo para participação nas conferências estaduais;Sim;16;Não; ;Não; ;Não; ;6;6;2;2;1;1;1;1;1;1;1;1;Não; ;Sim;Sim;Sim;Sim;Não;Mensalmente;9;0;4;Sim;Sim;Não;Sim;Não;Não;Sim;Sim;Não;Não;Sim;Sim;Sim;gestão financeira e orçamentária, benefícios eventuais, medida sócio educativa e paefi em todos os municípios.;30/11/2015;assessora;Não;assessora
24;RN;Nordeste;3168027;167;SECRETARIA ESTADUAL DO TRABALHO DA HABITACAO E DA ASSISTENCIA SOCIAL;Avenida;CENTRO ADMINISTRATIVO DO ESTADO, AV. SENADOR SALGADO FILHO,;0; ;LAGOA NOVA;CENTRO ADMINISTRATIVO DO ESTADO;59064-901; ;RN;(84) 32321850;1806; ;Secretaria estadual em conjunto com outras políticas setoriais;Não;Não;Não;Sim;Sim;Sim;Não;Não; ;Sim, de maneira informal;Sim, de maneira informal;Sim, de maneira informal;Sim, de maneira informal;Sim, de maneira informal;Sim, de maneira informal;Não constituída;Sim, de maneira informal;Não; ; ; ; ; ; ; ; ; ; ; ; ; ; ; ; ; ; ; ; ; ; ;Sim, em elaboração pela SEAS;Não; ; ;17;13;24;54;0;0;3;3;0;6;19;25;0;0;0;0;17;19;46;82;17;13;24;54;0;0;3;3;0;6;19;25;0;0;0;0;17;19;46;82;6;2;3;6;0;0;3;0;3;7;1;0;0;Não; ; ; ; ;Não; ; ; ; ;Sim;18/05/2012;Sim;19;Sim;Sim;Não; ; ; ;Sim;1260;Sim;Sim;Não; ; ; ;Não;Sim;Sim;Sim;Não;Não; ;Não;Não;Sim;Não;Sim;Sim;Não; ;22;Raramente;Nunca;Raramente;Frequentemente;Frequentemente;Raramente;Frequentemente;Frequentemente;Frequentemente;Frequentemente;Raramente;Raramente;Muito Frequentemente;Frequentemente;Muito Frequentemente;Nunca;Nunca;Nunca;Raramente;Raramente;Raramente;Nunca;Raramente;Raramente;Sim;3;0;3;Não;Sim;Não;Sim;Não;Não;Não;Sim, a maior parte dos recursos próprios é registrada no FEAS;O Secretário(a) Estadual da Assistência Social;Não;Não;Não;Sim;Sim;Não;Não;Não; ;Não apresentou;3668000;3615340,18;989174,72;208093,52;Não; ; ; ; ; ; ; ; ; ; ; ; ; ; ; ; ; ; ; ; ; ; ; ; ; ; ; ; ; ; ; ; ; ; ; ; ; ; ; ; ;Não; ;Não; ; ; ; ; ; ; ; ; ; ; ; ; ; ; ; ; ; ; ; ; ; ; ; ; ;Não; ; ; ; ; ; ; ; ; ; ; ; ; ; ; ; ; ; ; ; ; ; ; ; ; ; ; ; ; ; ; ; ; ; ; ; ; ; ; ; ; ; ; ; ; ;Sim;Não;Não;Não; ; ; ; ;Não;Não possui estudo/diagnóstico sobre a oferta dos serviços de proteção social especial no estado;Não;Não; ; ; ; ; ; ; ; ; ; ; ; ; ;Não; ; ; ; ; ; ; ; ; ; ; ; ; ; ; ; ; ; ; ;Não; ; ; ;Não; ; ; ; ; ;Não;Não;Não;Não;Não;Não;Não;Não;Não;Não;Sim;Sim;Sim;Não;Sim;Sim;Sim;Sim;Sim;Sim;Sim;Não;Não;Não; ;Sim;1;0;1;Sim;Sim;Sim;Sim;Não;Não;Não;Não;Raramente;Não; ; ; ; ; ; ; ; ; ; ;Sim;Sim;Sim;Sim;1;Sim, para ambas;Sim;4;Não; ;Não; ;Não; ;3;3;3;3;1;1;1;1;0;0;1;1;Sim;Sim;Sim;Sim;Sim;Sim;Sim;Bimestralmente;3;0;3;Não;Não;Não;Não;Não;Não;Não;Não;Sim;Sim;Não;Não;Sim;Programa CapacitaSUAS;24/11/2015;COORDENADORA DE ESTUDOS E PROJETOS;Não;COMISSIONADO
11;RO;Norte;1562409;52;Secretaria de Estado da Assistência e do Desenvolvimento Social;Avenida;Farquar;2986;Complexo Rio Madeira, Prédio Rio Jamarí, 1º Andar;Pedrinhas;Entre Avenida Farquar e Rua PIO XII.;76801-348; ;RO;(69) 32165379;0;(69) 32165399;Secretaria estadual em conjunto com outras políticas setoriais;Não;Não;Não;Sim;Sim;Sim;Sim;Sim;Defesa do Consumidor - PROCON;Sim, na estrutura formal do órgão gestor;Sim, na estrutura formal do órgão gestor;Sim, na estrutura formal do órgão gestor;Sim, na estrutura formal do órgão gestor;Sim, na estrutura formal do órgão gestor;Sim, na estrutura formal do órgão gestor;Não constituída;Sim, na estrutura formal do órgão gestor;Não; ; ; ; ; ; ; ; ; ; ; ; ; ; ; ; ; ; ; ; ; ; ;Sim, em elaboração pela SEAS;Sim;De quatro em quatro anos;2012;0;1;4;5;0;0;0;0;0;13;7;20;0;0;0;0;0;14;11;25;0;1;4;5;0;0;0;0;0;13;7;20;0;0;0;0;0;14;11;25;3;1;1;0;0;0;0;0;0;0;0;0;0;Não; ; ; ; ;Não; ; ; ; ;Sim;10/01/2013;Sim;4;Sim;Sim;Não; ; ; ;Sim;240;Sim;Sim;Não; ; ; ;Sim;Sim;Sim;Sim;Não;Não; ;Não;Não;Não;Não;Sim;Sim;Não; ;20;Frequentemente;Raramente;Raramente;Muito Frequentemente;Frequentemente;Frequentemente;Frequentemente;Muito Frequentemente;Muito Frequentemente;Muito Frequentemente;Raramente;Raramente;Raramente;Muito Frequentemente;Muito Frequentemente;Muito Frequentemente;Raramente;Frequentemente;Raramente;Frequentemente;Muito Frequentemente;Raramente;Raramente;Raramente;Sim;1;2;3;Não;Não;Sim;Não;Não;Não;Não;Sim, a metade dos recursos próprios é registrada no FEAS;O Secretário(a) Estadual da Assistência Social;Sim;Não;Não;Não;Não;Não;Não;Não; ;Anualmente;8819162;3817965;393013,33;259551,71;Sim, por convênio; ; ; ; ; ;Sim;Sim;Não;Não;Não;Não;Não;13;0;13;8;0;8;2;0;2;3;0;3;0;0;0;0;0;0;0;0;0;0;0;0;0;0;979000;237996,81;Não; ;Não; ; ; ; ; ; ; ; ; ; ; ; ; ; ; ; ; ; ; ; ; ; ; ; ; ;Sim;Não;Não;Não;Não;Não;Não;Não;Não;Sim;Não;Não;Não;Não;Não;Não;Não;Não;Não;Não;Não;Não;Não;Não;Não;Não;Não;Não;Não;Não;Não;Não;Não;Não;Não;Não;Não;Não;Não;Não;Não;Não;Não;Não;Não;Não;Sim;Não;Não;Não; ; ; ; ;Sim;Sim, possui estudo/diagnóstico sobre a oferta dos serviços de média e alta complexidade no estado;Sim;Não; ; ; ; ; ; ; ; ; ; ; ; ; ;Sim;Não;Sim;Não;Não;Não;Não;Não;Não;Não;Não; ;Não; ;Não; ;Não; ;Não; ;Não; ; ; ;Não; ; ; ; ; ;Não;Não;Não;Não;Sim;Não;Não;Não;Não;Sim;Sim;Não;Não;Não;Sim;Sim;Sim;Não;Sim;Sim;Sim;Não;Sim;Não; ;Não; ; ; ;Sim;Não;Não;Sim;Sim;Sim;Sim;Sim;Muito Frequentemente;Não; ; ; ; ; ; ; ; ; ; ;Sim;Sim;Sim;Sim;1;Sim, para ambas;Sim;5;Sim;10;Sim;2;Sim;0;6;6;2;2;1;1;1;1;1;1;1;1;Não; ;Sim;Sim;Sim;Sim;Sim;Bimestralmente;6;2;3;Não;Não;Não;Sim;Não;Sim;Não;Sim;Sim;Não;Não;Sim;Não; ;03/12/2015;Coordenador de Assistência Social;Sim; 
14;RR;Norte;450479;15;SECRETARIA DE ESTADO DO TRABALHO E BEM-ESTAR SOCIAL;Avenida;MARIO HOMEM DE MELO;2310;não tem;MECEJANA;ao lado da escola Estadual Ana Libória;69304-350; ;RR;(95) 21212630;2632;(95) 21212640;Secretaria estadual em conjunto com outras políticas setoriais;Não;Não;Não;Não;Sim;Sim;Não;Não; ;Sim, na estrutura formal do órgão gestor;Sim, na estrutura formal do órgão gestor;Sim, na estrutura formal do órgão gestor;Sim, na estrutura formal do órgão gestor;Sim, na estrutura formal do órgão gestor;Sim, de maneira informal;Sim, na estrutura formal do órgão gestor;Sim, na estrutura formal do órgão gestor;Não; ; ; ; ; ; ; ; ; ; ; ; ; ; ; ; ; ; ; ; ; ; ;Não;Não; ; ;14;61;56;131;0;0;0;0;19;85;55;159;0;0;4;4;33;146;115;294;51;189;142;382;0;0;0;0;48;153;74;275;0;97;4;101;99;439;220;758;14;2;0;0;0;0;1;0;4;2;2;0;0;Não; ; ; ; ;Não; ; ; ; ;Sim;11/05/2012;Sim;173;Sim;Sim;Não; ; ; ;Sim;200;Sim;Sim;Não; ; ; ;Não;Sim;Sim;Não;Não;Não; ;Sim;Sim;Sim;Sim;Sim;Sim;Não; ;15;Nunca;Raramente;Frequentemente;Frequentemente;Muito Frequentemente;Raramente;Muito Frequentemente;Frequentemente;Frequentemente;Frequentemente;Muito Frequentemente;Muito Frequentemente;Muito Frequentemente;Frequentemente;Frequentemente;Frequentemente;Frequentemente;Frequentemente;Raramente;Muito Frequentemente;Frequentemente;Raramente;Frequentemente;Nunca;Sim;4;3;7;Não;Não;Sim;Não;Não;Não;Não;Não, os recursos próprios do ESTADO não são registrados no FEAS;O Secretário(a) Estadual da Assistência Social;Não;Não;Não;Não;Não;Não;Não;Sim;Resistência do Conselho Estadual de Assistência Social em deliberar as matérias de sua competência;Não apresentou;658000;763762;103891,2; ;Sim, fundo-a-fundo;Não;O cofinanciamento é realizado por serviço socioassistencial (PAIF, PAEFI, entre outros); ;Sim;Mensalmente;Sim;Sim;Não;Não;Não;Não;Não;14;14;0;0;0;0;8;8;0;0;0;0;0;0;0;0;0;0;0;0;0;0;0;0;103891;0;0;0;Não; ;Sim;Sim;Não;Sim;Não;Não;Não;Não;Não;Não;Não;Não;Não;Não;Não;Não;Sim;Sim;Sim;Sim;Sim;Não;Não;Não;Não;Não;Sim;Não;Não;Não;Sim;Não;Não;Não;Não;Sim;Não;Não;Não;Não;Não;Não;Não;Não;Não;Não;Não;Não;Não;Não;Sim;Não;Não;Não;Não;Não;Não;Não;Não;Não;Não;Não;Não;Não;Não;Não;Não;Não;Não;Não;Sim;Não;Sim;Não;Não;Não; ; ; ; ;Sim;Sim, possui estudo/diagnóstico sobre a oferta dos serviços de média e alta complexidade no estado;Sim;Não; ; ; ; ; ; ; ; ; ; ; ; ; ;Não; ; ; ; ; ; ; ; ; ; ; ; ; ; ; ; ; ; ; ;Sim;Sim;Sim;Não;Sim;Sim;Sim;Sim;Não; ;Sim;Sim;Sim;Sim;Sim;Sim;Sim;Não;Sim;Sim;Sim;Não;Não;Não;Sim;Sim;Sim;Sim;Sim;Sim;Sim;Sim;Não;Não; ;Sim;3;1;4;Sim;Sim;Sim;Sim;Não;Não;Sim;Sim;Muito Frequentemente;Não; ; ; ; ; ; ; ; ; ; ;Sim;Sim;Sim;Sim;2;Sim, somente fornece ajuda de custo para participação nas conferências estaduais;Não; ;Não; ;Não; ;Não; ;6;6;13;13;1;1;7;7;1;1;1;1;Sim;Não;Não;Sim;Não;Não;Sim;Mensalmente;9;2;5;Não;Não;Sim;Não;Não;Não;Sim;Sim;Não;Não;Não;Não;Não; ;27/11/2015;SECRETÁRIA DE ASSISTÊNCIA SOCIAL;Não;Coordenadora da CMAGI
43;RS;Sul;10693929;497;Secretaria do Trabalho e do Desenvolvimento Social;Avenida;Av. Borges de Medeiros;1501;8º andar;Centro;Centro Administrativo do Estado do Rio Grande do Sul;90119-900; ;RS;(51) 32886400;6521;(51) 32886526;Secretaria estadual em conjunto com outras políticas setoriais;Não;Não;Não;Não;Sim;Sim;Não;Não; ;Sim, de maneira informal;Sim, de maneira informal;Sim, de maneira informal;Sim, de maneira informal;Sim, de maneira informal;Sim, de maneira informal;Não constituída;Sim, de maneira informal;Não; ; ; ; ; ; ; ; ; ; ; ; ; ; ; ; ; ; ; ; ; ; ;Sim, em elaboração pela SEAS;Não; ; ;0;4;32;36;0;0;0;0;0;4;3;7;0;1;6;7;0;9;41;50;0;4;32;36;70;692;101;863;0;26;17;43;0;1;6;7;70;723;156;949;47;13;11;6;0;0;3;3;4;3;0;0;0;Sim;30;Sim;15/06/2014;0;Não; ; ; ; ;Sim;03/03/2014;Sim;579;Sim;Sim;Sim;37;Não;Sim;Sim;1169;Sim;Sim;Sim;50;Não;Sim;Sim;Sim;Sim;Sim;Não;Não; ;Sim;Não;Sim;Sim;Sim;Sim;Sim;Email, telefone;316;Frequentemente;Raramente;Raramente;Muito Frequentemente;Frequentemente;Raramente;Frequentemente;Frequentemente;Muito Frequentemente;Frequentemente;Muito Frequentemente;Muito Frequentemente;Frequentemente;Frequentemente;Frequentemente;Raramente;Frequentemente;Raramente;Raramente;Raramente;Raramente;Frequentemente;Raramente;Frequentemente;Sim;1;0;1;Não;Não;Sim;Não;Não;Não;Não;Sim, a totalidade dos recursos próprios é registrada no FEAS;O Secretário(a) Estadual da Assistência Social;Não;Não;Não;Sim;Sim;Não;Sim;Sim;Dificuldades de equipe própria com contador.;Anualmente;8415936,32;133900158,2;8401097,32;112957009,6;Sim, fundo-a-fundo;Sim;O cofinanciamento é realizado por nível de proteção (PSB/PSE - Média ou Alta Complexidade); ;Sim;Anualmente;Sim;Não;Não;Não;Não;Não;Não;473;473;0;473;473;0;0;0;0;0;0;0;0;0;0;0;0;0;0;0;0;0;0;0;0;900000;6941100;0;Não; ;Sim;Não;Não;Não;Não;Não;Não;Não;Não;Não;Não;Sim;Não;Não;Não;Não;Não;Não;Não;Não;Não;Não;Não;Não;Não;Não;Sim;Não;Não;Não;Sim;Sim;Não;Não;Não;Não;Não;Não;Não;Não;Não;Não;Não;Não;Não;Sim;Sim;Não;Não;Não;Não;Não;Não;Não;Não;Não;Sim;Não;Não;Não;Não;Não;Não;Não;Não;Não;Não;Não;Não;Não;Não;Não;Sim;Não;Não;Não; ; ; ; ;Sim;Sim, possui estudo/diagnóstico sobre a oferta dos serviços de média e alta complexidade no estado;Não;Sim;Sim;Não;Não;Não;Não;Sim;1;Não; ;Não; ;Não; ;Sim;Sim;Não;Não;Sim;Não;Sim;Não;Não;Não;Sim;35;Não; ;Não; ;Não; ;Não; ;Sim;Não;Sim;Sim;Não; ; ; ; ; ;Não;Não;Não;Não;Sim;Não;Não;Não;Não;Não;Sim;Não;Sim;Não;Sim;Não;Sim;Sim;Sim;Sim;Sim;Sim;Não;Não; ;Não; ; ; ;Sim;Sim;Sim;Não;Sim;Não;Sim;Sim;Frequentemente;Sim;Não;Não;Não;Não;Não;Não;Não;Não;Sim;Dados utilizados por outro Departamento da Secretaria.;Sim;Sim;Sim;Sim;3;Sim, para ambas;Não; ;Não; ;Não; ;Não; ;3;3;2;2;1;1;1;1;1;1;1;1;Sim;Sim;Sim;Sim;Sim;Sim;Não;Mensalmente;10;0;6;Sim;Sim;Sim;Sim;Sim;Sim;Não;Sim;Sim;Sim;Sim;Sim;Não; ;04/12/2015;Diretora do Departamento de Assistência;Não;Técnico Científico- Assistente Social
42;SC;Sul;6248436;295;Secretaria de Estado da Assistência Social Trabalho e Habitação;Avenida;Mauro Ramos;722; ;Centro; ;88020-300; ;SC;(48) 36640800;722;(48) 36640615;Secretaria estadual em conjunto com outras políticas setoriais;Não;Não;Não;Sim;Sim;Sim;Não;Não; ;Sim, na estrutura formal do órgão gestor;Sim, na estrutura formal do órgão gestor;Sim, de maneira informal;Sim, na estrutura formal do órgão gestor;Sim, de maneira informal;Sim, de maneira informal;Sim, de maneira informal;Sim, de maneira informal;Não; ; ; ; ; ; ; ; ; ; ; ; ; ; ; ; ; ; ; ; ; ; ;Não;Sim;Anualmente;2015;0;24;49;73;0;0;0;0;0;4;20;24;0;49;16;65;0;77;85;162;5;41;52;98;0;0;0;0;0;4;20;24;0;57;16;73;5;102;88;195;23;4;8;6;0;0;1;0;5;7;2;0;0;Não; ; ; ; ;Não; ; ; ; ;Sim;14/09/2015;Sim;32;Sim;Não;Sim;19;Sim;Não;Sim;2424;Sim;Não;Sim;76;Sim;Não;Sim;Não;Sim;Não;Não;Não; ;Sim;Sim;Sim;Sim;Sim;Sim;Sim;Encontros Regionalizados, Reuniões Técnicas;69;Muito Frequentemente;Muito Frequentemente;Raramente;Muito Frequentemente;Frequentemente;Muito Frequentemente;Frequentemente;Muito Frequentemente;Frequentemente;Muito Frequentemente;Frequentemente;Frequentemente;Frequentemente;Muito Frequentemente;Muito Frequentemente;Raramente;Raramente;Raramente;Nunca;Frequentemente;Frequentemente;Raramente;Frequentemente;Nunca;Sim;1;0;1;Não;Não;Sim;Não;Não;Não;Não;Sim, a maior parte dos recursos próprios é registrada no FEAS;O Secretário(a) Estadual da Assistência Social;Não;Não;Não;Sim;Sim;Não;Não;Não; ;Semestralmente;2072704,4;9650180,06;7363050,57;32077898,45;Sim, fundo-a-fundo;Sim;O cofinanciamento é realizado por nível de proteção (PSB/PSE - Média ou Alta Complexidade); ;Sim;Não possui frequência regular;Sim;Sim;Sim;Sim;Não;Não;Sim, houve construção e/ou reforma direta pelo estado de unidades da assistência social nos municípios;240;240;0;231;231;0;68;68;0;122;122;0;216;216;0;125;125;0;128;128;0;156;156;0;11202220,42;22517172,53;0;0;Não; ;Não; ; ; ; ; ; ; ; ; ; ; ; ; ; ; ; ; ; ; ; ; ; ; ; ; ;Sim;Não;Não;Não;Não;Não;Não;Não;Não;Não;Não;Não;Não;Não;Não;Não;Não;Não;Não;Sim;Não;Não;Não;Não;Não;Não;Não;Não;Não;Não;Não;Não;Não;Não;Não;Não;Não;Não;Não;Não;Não;Não;Não;Não;Não;Não;Sim;Não;Não;Não; ; ; ; ;Sim;Sim, possui estudo/diagnóstico sobre a oferta dos serviços de média e alta complexidade no estado;Sim;Não; ; ; ; ; ; ; ; ; ; ; ; ; ;Não; ; ; ; ; ; ; ; ; ; ; ; ; ; ; ; ; ; ; ;Sim;Sim;Sim;Sim;Sim;Sim;Sim;Sim;Sim;Situação de Emergência;Sim;Não;Sim;Sim;Não;Sim;Não;Sim;Sim;Não;Sim;Sim;Sim;Não;Sim;Sim;Sim;Sim;Sim;Sim;Sim;Não;Sim;Não; ;Sim;1;0;1;Sim;Não;Sim;Não;Sim;Não;Sim;Sim;Frequentemente;Não; ; ; ; ; ; ; ; ; ; ;Sim;Sim;Sim;Sim;2;Sim, para ambas;Não; ;Não; ;Sim;263;Não; ;6;6;2;2;1;1;1;1;1;1;1;1;Sim;Sim;Sim;Sim;Sim;Sim;Sim;Bimestralmente;5;4;3;Não;Não;Não;Sim;Não;Não;Não;Não;Não;Não;Não;Não;Não; ;25/11/2015;Analista Técnica;Não;Analista Técnica
28;SE;Nordeste;2068017;75;Secretaria de Estado da Mulher, da lnclusão e Assistência Social, do Trabalho, Direitos Humanos e Juventude;Rua;Santa Luzia;680; ;São José;Próximo ao Procon.;49015-190; ;SE;(79) 31794836; ;(79) 31797676;Secretaria estadual em conjunto com outras políticas setoriais;Não;Não;Não;Não;Sim;Sim;Sim;Sim;Mulheres/Incl Produtiva;Sim, de maneira informal;Sim, de maneira informal;Sim, de maneira informal;Sim, de maneira informal;Não constituída;Sim, de maneira informal;Não constituída;Sim, na estrutura formal do órgão gestor;Não; ; ; ; ; ; ; ; ; ; ; ; ; ; ; ; ; ; ; ; ; ; ;Sim, em elaboração pela SEAS;Sim;Bienalmente;2014;0;10;10;20;2;3;0;5;0;12;22;34;0;0;1;1;2;25;33;60;6;25;20;51;19;49;6;74;0;12;22;34;0;0;2;2;25;86;50;161;15;2;5;4;0;0;0;0;1;0;3;0;1;Não; ; ; ; ;Não; ; ; ; ;Sim;10/01/2013;Sim;8;Não;Sim;Sim;3;Não;Sim;Sim;110;Sim;Não;Não; ; ; ;Não;Sim;Sim;Sim;Não;Não; ;Sim;Não;Sim;Não;Sim;Sim;Sim;Orientações Técnicas sobre os Serviços;75;Raramente;Frequentemente;Frequentemente;Frequentemente;Frequentemente;Frequentemente;Frequentemente;Muito Frequentemente;Frequentemente;Raramente;Raramente;Raramente;Frequentemente;Muito Frequentemente;Muito Frequentemente;Raramente;Raramente;Nunca;Frequentemente;Frequentemente;Frequentemente;Frequentemente;Raramente;Frequentemente;Sim;0;0;0;Não;Não;Sim;Não;Não;Não;Não;Sim, a totalidade dos recursos próprios é registrada no FEAS;O Secretário(a) Estadual da Assistência Social;Não;Não;Sim;Sim;Sim;Sim;Sim;Não; ;Bimestralmente;75000;147840;0;0;Sim, fundo-a-fundo;Sim;O cofinanciamento é realizado por serviço socioassistencial (PAIF, PAEFI, entre outros); ;Sim;Não possui frequência regular;Sim;Sim;Sim;Não;Não;Sim;Sim, houve repasse de recursos aos municípios para construção e/ou reforma de unidades da assistência social;75;75;0;75;75;0;75;75;0;31;31;0;0;0;0;0;0;0;0;0;0;0;0;0;2598000;13309100;135000;270000;Não; ;Não; ; ; ; ; ; ; ; ; ; ; ; ; ; ; ; ; ; ; ; ; ; ; ; ; ;Sim;Não;Não;Não;Sim;Não;Não;Não;Não;Não;Não;Não;Não;Não;Sim;Não;Não;Não;Não;Não;Não;Não;Não;Não;Não;Não;Não;Não;Não;Não;Não;Não;Não;Não;Não;Não;Não;Não;Não;Não;Não;Não;Não;Não;Não;Não;Sim;Não;Não;Não; ; ; ; ;Sim;Sim, possui estudo/diagnóstico sobre a oferta dos serviços de alta complexidade no estado;Não;Não; ; ; ; ; ; ; ; ; ; ; ; ; ;Sim;Sim;Não;Sim;Não;Não;Não;Não;Não;Não;Sim;2;Não; ;Não; ;Não; ;Não; ;Não; ; ; ;Não; ; ; ; ; ;Sim;Não;Sim;Não;Não;Não;Não;Sim;Não;Não;Sim;Não;Não;Não;Não;Não;Sim;Sim;Sim;Sim;Sim;Não;Não;Não; ;Não; ; ; ;Sim;Sim;Sim;Sim;Sim;Não;Sim;Não;Nunca;Sim;Não;Não;Sim;Sim;Não;Não;Não;Não;Não; ;Sim;Sim;Sim;Sim;2;Sim, para ambas;Não; ;Sim;1;Não; ;Não; ;6;6;2;2;1;1;1;1;1;1;1;1;Sim;Sim;Sim;Sim;Não;Não;Sim;Mensalmente;4;0;3;Sim;Sim;Não;Sim;Não;Sim;Sim;Não;Não;Sim;Não;Não;Não; ;25/11/2015;Coord do Depart de Assistência Social;Sim; 
35;SP;Sudeste;41262199;645;Secretaria de Estado de Desenvolvimento Social;Rua;RUA BELA CINTRA;1032;não há;CERQUEIRA CÉSAR;Próximo à Avenida Paulista;01415-000; ;SP;(11) 27638000;0;(11) 27638255;Secretaria estadual em conjunto com outras políticas setoriais;Não;Não;Não;Não;Não;Não;Não;Sim;Política sobre Drogas;Sim, de maneira informal;Sim, de maneira informal;Não constituída;Sim, na estrutura formal do órgão gestor;Sim, na estrutura formal do órgão gestor;Não constituída;Não constituída;Sim, na estrutura formal do órgão gestor;Não; ; ; ; ; ; ; ; ; ; ; ; ; ; ; ; ; ; ; ; ; ; ;Sim, em elaboração pela SEAS;Sim;De quatro em quatro anos;2015;0;145;262;407;0;0;0;0;0;55;242;297;0;0;0;0;0;200;504;704;0;145;262;407;0;0;0;0;0;55;242;297;0;0;0;0;0;200;504;704;50;60;20;10;0;5;30;0;0;5;2;0;0;Não; ; ; ; ;Não; ; ; ; ;Sim;03/09/2014;Sim;277;Sim;Não;Sim;1600;Sim;Não;Sim;1107;Sim;Não;Sim;16967;Sim;Não;Sim;Sim;Sim;Sim;Sim;Não;Por solicitação das Diretorias Regionais de Assistência e Desenvolvimento Social - DRADS;Sim;Sim;Sim;Sim;Sim;Sim;Sim;Monitoramento  /  Videoconferências;550;Frequentemente;Muito Frequentemente;Frequentemente;Raramente;Frequentemente;Frequentemente;Muito Frequentemente;Muito Frequentemente;Muito Frequentemente;Frequentemente;Raramente;Raramente;Frequentemente;Frequentemente;Muito Frequentemente;Raramente;Frequentemente;Frequentemente;Muito Frequentemente;Frequentemente;Frequentemente;Frequentemente;Muito Frequentemente;Nunca;Sim;0;0;0;Não;Não;Sim;Não;Não;Não;Não;Sim, a totalidade dos recursos próprios é registrada no FEAS;Outro Funcionário da Secretaria de Assistência Social;Não;Não;Não;Sim;Não;Não;Não;Não; ;Bimestralmente;287681280;320843066;275977312,5;289961092,5;Sim, ambos;Sim;O cofinanciamento é realizado por nível de proteção (PSB/PSE - Média ou Alta Complexidade); ;Sim;Mensalmente;Sim;Sim;Sim;Não;Não;Sim;Não;645;645;0;638;638;0;314;314;0;332;332;0;0;0;0;0;0;0;0;0;0;0;0;0;183180155,61;215649114,66;22227000;28980998,58;Não; ;Não; ; ; ; ; ; ; ; ; ; ; ; ; ; ; ; ; ; ; ; ; ; ; ; ; ;Não; ; ; ; ; ; ; ; ; ; ; ; ; ; ; ; ; ; ; ; ; ; ; ; ; ; ; ; ; ; ; ; ; ; ; ; ; ; ; ; ; ; ; ; ; ;Não;Não;Não;Sim;10;0;0;10;Sim;Sim, possui estudo/diagnóstico sobre a oferta dos serviços de média e alta complexidade no estado;Não;Não; ; ; ; ; ; ; ; ; ; ; ; ; ;Não; ; ; ; ; ; ; ; ; ; ; ; ; ; ; ; ; ; ; ;Sim;Sim;Não;Não;Não; ; ; ; ; ;Sim;Sim;Sim;Não;Não;Sim;Não;Sim;Sim;Sim;Sim;Não;Sim;Sim;Sim;Sim;Sim;Sim;Sim;Sim;Não;Sim;Sim;Sim;Disponibilização de dados consolidados sobre a Assistência Social no Estado de São Paulo (Painel Social).;Sim;19;2;21;Sim;Sim;Sim;Sim;Sim;Sim;Sim;Sim;Frequentemente;Sim;Não;Sim;Não;Sim;Sim;Sim;Sim;Sim;Sim;Cadastro e acompanhamento de jovens em cumprimento de medidas socioeducativas;Sim;Sim;Sim;Sim;5;Sim, para ambas;Não; ;Não; ;Sim;1096;Não; ;6;6;2;2;1;1;1;1;1;1;1;1;Sim;Sim;Sim;Sim;Sim;Sim;Não;Bimestralmente;5;0;4;Sim;Sim;Não;Sim;Sim;Não;Não;Não;Não;Não;Não;Sim;Sim;Habilitação em nível de gestão.  /  Desenvolvimento e preenchimento do sistema dos planos municipais de assistência social do Estado de São Paulo.;02/12/2015;DIRETOR TÉCNICO III;Não;COORDENADORA DE GESTÃO ESTRATÉGICA
17;TO;Norte;1383445;139;SECRETARIA DO TRABALHO E DA ASSISTÊNCIA SOCIAL;Praça;Esplanada das Secretarias Praça dos Girassois;0; ;centro; ;77001-002; ;TO;(63) 32181926; ;(63) 32181990;Secretaria estadual em conjunto com outras políticas setoriais;Não;Não;Não;Não;Sim;Sim;Não;Não; ;Sim, na estrutura formal do órgão gestor;Sim, na estrutura formal do órgão gestor;Sim, na estrutura formal do órgão gestor;Sim, na estrutura formal do órgão gestor;Sim, de maneira informal;Sim, de maneira informal;Não constituída;Não constituída;Não; ; ; ; ; ; ; ; ; ; ; ; ; ; ; ; ; ; ; ; ; ; ;Sim, em elaboração pela SEAS;Sim;Mais de quatro anos;2011;0;14;34;48;0;0;0;0;0;3;18;21;0;0;0;0;0;17;52;69;0;14;34;48;0;0;0;0;0;3;18;21;0;0;0;0;0;17;52;69;18;1;7;0;0;0;0;0;0;0;0;0;1;Não; ; ; ; ;Não; ; ; ; ;Sim;05/04/2014;Sim;17;Não;Sim;Sim;16;Não;Sim;Sim;542;Sim;Não;Sim;180;Não;Sim;Sim;Sim;Sim;Sim;Não;Não; ;Não;Não;Sim;Não;Sim;Sim;Sim;Agendamento na Secretaria Estadual;139;Frequentemente;Frequentemente;Muito Frequentemente;Muito Frequentemente;Frequentemente;Frequentemente;Frequentemente;Frequentemente;Frequentemente;Frequentemente;Frequentemente;Frequentemente;Frequentemente;Frequentemente;Muito Frequentemente;Frequentemente;Frequentemente;Frequentemente;Frequentemente;Frequentemente;Muito Frequentemente;Raramente;Frequentemente;Raramente;Sim;0;0;0;Sim;Não;Não;Não;Não;Não;Não;Sim, a totalidade dos recursos próprios é registrada no FEAS;O Secretário(a) Estadual da Assistência Social;Sim;Não;Não;Não;Não;Não;Não;Não; ;Bimestralmente;10780000;10894000;7336072,55;4739169,68;Sim, por convênio; ; ; ; ; ;Não;Sim;Sim;Não;Não;Não;Não;3;0;3;0;0;0;1;0;1;1;0;1;0;0;0;0;0;0;0;0;0;0;0;0;20000;10000;10000;15000;Não; ;Não; ; ; ; ; ; ; ; ; ; ; ; ; ; ; ; ; ; ; ; ; ; ; ; ; ;Não; ; ; ; ; ; ; ; ; ; ; ; ; ; ; ; ; ; ; ; ; ; ; ; ; ; ; ; ; ; ; ; ; ; ; ; ; ; ; ; ; ; ; ; ; ;Sim;Não;Não;Não; ; ; ; ;Sim;Sim, possui estudo/diagnóstico sobre a oferta dos serviços de média e alta complexidade no estado;Não;Não; ; ; ; ; ; ; ; ; ; ; ; ; ;Não; ; ; ; ; ; ; ; ; ; ; ; ; ; ; ; ; ; ; ;Não; ; ; ;Sim;Sim;Sim;Sim;Não; ;Não;Não;Não;Não;Não;Não;Não;Não;Sim;Sim;Sim;Sim;Não;Sim;Sim;Sim;Sim;Sim;Sim;Sim;Sim;Não;Não;Não; ;Sim;2;0;2;Sim;Não;Sim;Não;Sim;Não;Sim;Sim;Muito Frequentemente;Não; ; ; ; ; ; ; ; ; ; ;Sim;Sim;Sim;Sim;2;Sim, para ambas;Sim;6;Não; ;Não; ;Não; ;8;8;6;8;0;0;0;0;2;0;0;0;Sim;Sim;Sim;Sim;Sim;Sim;Não;Mensalmente;10;0;4;Não;Sim;Não;Não;Não;Sim;Não;Não;Não;Sim;Não;Não;Não; ;26/11/2015;Superintendente de Assistência Social;Não;Gerente dos Programas de Gestão do SUAS
