id_acolhimento;IBGE7_sede;IBGE_sede;Região_sede;UF_sede;Município_sede;Municipio_2013_sede;area_sede;Pop_Total2010_sede;Porte_pop2010_sede;q9.IBGE;q9.IBGE7;q9.UF;q9.Município;q9.Municipio_2013;q9.area;q9.Pop_Total2010;q9.Pop_Urbana2010;q9.Pop_Rural2010;q9.Porte_pop2010
1504203301363;1504208;150420;Região Norte;PA;Marabá;Marabá;15092,27;233669;Grande;150013;1500131;PA;Abel Figueiredo;Abel Figueiredo;614,25;6780;6034;746;Pequeno I
1504203301363;1504208;150420;Região Norte;PA;Marabá;Marabá;15092,27;233669;Grande;150277;1502772;PA;Curionópolis;Curionópolis;2368,70;18288;12530;5758;Pequeno I
1504203301363;1504208;150420;Região Norte;PA;Marabá;Marabá;15092,27;233669;Grande;150295;1502954;PA;Eldorado Dos Carajás;Eldorado dos Carajás;2956,71;31786;16578;15208;Pequeno II
1504203301363;1504208;150420;Região Norte;PA;Marabá;Marabá;15092,27;233669;Grande;150370;1503705;PA;Itupiranga;Itupiranga;7880,00;51220;20490;30730;Médio
1504203301363;1504208;150420;Região Norte;PA;Marabá;Marabá;15092,27;233669;Grande;150380;1503804;PA;Jacundá;Jacundá;2008,40;51360;45683;5677;Médio
1504203301363;1504208;150420;Região Norte;PA;Marabá;Marabá;15092,27;233669;Grande;150497;1504976;PA;Nova Ipixuna;Nova Ipixuna;1600,32;14645;7726;6919;Pequeno I
1504203301363;1504208;150420;Região Norte;PA;Marabá;Marabá;15092,27;233669;Grande;150549;1505494;PA;Palestina do Pará;Palestina do Pará;983,89;7475;4546;2929;Pequeno I
1504203301363;1504208;150420;Região Norte;PA;Marabá;Marabá;15092,27;233669;Grande;150553;1505536;PA;Parauapebas;Parauapebas;7007,74;153908;138690;15218;Grande
1504203301363;1504208;150420;Região Norte;PA;Marabá;Marabá;15092,27;233669;Grande;150715;1507151;PA;São Domingos do Araguaia;São Domingos do Araguaia;1392,33;23130;15254;7876;Pequeno II
1504203301363;1504208;150420;Região Norte;PA;Marabá;Marabá;15092,27;233669;Grande;150745;1507458;PA;São Geraldo do Araguaia;São Geraldo do Araguaia;3269,54;25587;13590;11997;Pequeno II
1504203301363;1504208;150420;Região Norte;PA;Marabá;Marabá;15092,27;233669;Grande;150750;1507508;PA;São João do Araguaia;São João do Araguaia;1280,01;13155;2586;10569;Pequeno I
1600303302477;1600303;160030;Região Norte;AP;Macapá;Macapá;6407,12;398204;Grande;160030;1600303;AP;Macapá;Macapá;6407,12;398204;381214;16990;Grande
2507003308079;2507002;250700;Região Nordeste;PB;Itaporanga;Itaporanga;468,07;23192;Pequeno II;250020;2500205;PB;Aguiar;Aguiar;344,69;5530;2701;2829;Pequeno I
2516103307913;2516102;251610;Região Nordeste;PB;Soledade;Soledade;560,06;13739;Pequeno I;250135;2501351;PB;Assunção;Assunção;126,43;3522;2846;676;Pequeno I
2513903308081;2513901;251390;Região Nordeste;PB;São Bento;São Bento;248,20;30879;Pequeno II;250200;2502003;PB;Belém do Brejo do Cruz;Belém do Brejo do Cruz;603,04;7143;5260;1883;Pequeno I
2500703308083;2500700;250070;Região Nordeste;PB;São João do Rio do Peixe;São João do Rio do Peixe;474,43;18201;Pequeno I;250205;2502052;PB;Bernardino Batista;Bernardino Batista;50,63;3075;858;2217;Pequeno I
2507003308079;2507002;250700;Região Nordeste;PB;Itaporanga;Itaporanga;468,07;23192;Pequeno II;250210;2502102;PB;Boa Ventura;Boa Ventura;132,14;5751;3522;2229;Pequeno I
2516103307913;2516102;251610;Região Nordeste;PB;Soledade;Soledade;560,06;13739;Pequeno I;250215;2502151;PB;Boa Vista;Boa Vista;476,54;6227;3208;3019;Pequeno I
2507003308079;2507002;250700;Região Nordeste;PB;Itaporanga;Itaporanga;468,07;23192;Pequeno II;250260;2502607;PB;Igaracy;Igaracy;192,26;6156;4121;2035;Pequeno I
2513903308081;2513901;251390;Região Nordeste;PB;São Bento;São Bento;248,20;30879;Pequeno II;250280;2502805;PB;Brejo do Cruz;Brejo do Cruz;398,92;13123;9898;3225;Pequeno I
2513903308081;2513901;251390;Região Nordeste;PB;São Bento;São Bento;248,20;30879;Pequeno II;250290;2502904;PB;Brejo Dos Santos;Brejo dos Santos;93,85;6198;4634;1564;Pequeno I
2513903308081;2513901;251390;Região Nordeste;PB;São Bento;São Bento;248,20;30879;Pequeno II;250430;2504306;PB;Catolé do Rocha;Catolé do Rocha;552,10;28759;21323;7436;Pequeno II
2507003308079;2507002;250700;Região Nordeste;PB;Itaporanga;Itaporanga;468,07;23192;Pequeno II;250480;2504801;PB;Coremas;Coremas;379,49;15149;11419;3730;Pequeno I
2516103307913;2516102;251610;Região Nordeste;PB;Soledade;Soledade;560,06;13739;Pequeno I;250650;2506509;PB;Gurjão;Gurjão;343,21;3159;2128;1031;Pequeno I
2516103307913;2516102;251610;Região Nordeste;PB;Soledade;Soledade;560,06;13739;Pequeno I;250770;2507705;PB;Juazeirinho;Juazeirinho;467,53;16776;9124;7652;Pequeno I
2513903308081;2513901;251390;Região Nordeste;PB;São Bento;São Bento;248,20;30879;Pequeno II;250937;2509370;PB;Mato Grosso;Mato Grosso;83,52;2702;1201;1501;Pequeno I
2507003308079;2507002;250700;Região Nordeste;PB;Itaporanga;Itaporanga;468,07;23192;Pequeno II;251040;2510402;PB;Olho D´água;Olho d'Água;596,12;6931;3868;3063;Pequeno I
2516103307913;2516102;251610;Região Nordeste;PB;Soledade;Soledade;560,06;13739;Pequeno I;251050;2510501;PB;Olivedos;Olivedos;317,90;3627;1902;1725;Pequeno I
2516103307913;2516102;251610;Região Nordeste;PB;Soledade;Soledade;560,06;13739;Pequeno I;251200;2512002;PB;Pocinhos;Pocinhos;629,52;17032;9618;7414;Pequeno I
2500703308083;2500700;250070;Região Nordeste;PB;São João do Rio do Peixe;São João do Rio do Peixe;474,43;18201;Pequeno I;251203;2512036;PB;Poço Dantas;Poço Dantas;97,25;3751;977;2774;Pequeno I
2500703308083;2500700;250070;Região Nordeste;PB;São João do Rio do Peixe;São João do Rio do Peixe;474,43;18201;Pequeno I;251207;2512077;PB;Poço de José de Moura;Poço de José de Moura;97,89;3978;1425;2553;Pequeno I
2513903308081;2513901;251390;Região Nordeste;PB;São Bento;São Bento;248,20;30879;Pequeno II;251280;2512804;PB;Riacho Dos Cavalos;Riacho dos Cavalos;264,03;8314;4025;4289;Pequeno I
2500703308083;2500700;250070;Região Nordeste;PB;São João do Rio do Peixe;São João do Rio do Peixe;474,43;18201;Pequeno I;251330;2513307;PB;Santa Helena;Santa Helena;210,32;5369;2702;2667;Pequeno I
2507003308079;2507002;250700;Região Nordeste;PB;Itaporanga;Itaporanga;468,07;23192;Pequeno II;251360;2513604;PB;Santana Dos Garrotes;Santana dos Garrotes;353,81;7266;3736;3530;Pequeno I
2500703308083;2500700;250070;Região Nordeste;PB;São João do Rio do Peixe;São João do Rio do Peixe;474,43;18201;Pequeno I;251365;2513653;PB;Santarém;Joca Claudino;74,01;2615;840;1775;Pequeno I
2513903308081;2513901;251390;Região Nordeste;PB;São Bento;São Bento;248,20;30879;Pequeno II;251465;2514651;PB;São José do Brejo do Cruz;São José do Brejo do Cruz;253,02;1684;958;726;Pequeno I
2507003308079;2507002;250700;Região Nordeste;PB;Itaporanga;Itaporanga;468,07;23192;Pequeno II;251570;2515708;PB;Serra Grande;Serra Grande;83,47;2975;1776;1199;Pequeno I
2516103307913;2516102;251610;Região Nordeste;PB;Soledade;Soledade;560,06;13739;Pequeno I;251675;2516755;PB;Tenório;Tenório;105,27;2813;1673;1140;Pequeno I
2500703308083;2500700;250070;Região Nordeste;PB;São João do Rio do Peixe;São João do Rio do Peixe;474,43;18201;Pequeno I;251680;2516805;PB;Triunfo;Triunfo;222,95;9220;4309;4911;Pequeno I
2500703308083;2500700;250070;Região Nordeste;PB;São João do Rio do Peixe;São João do Rio do Peixe;474,43;18201;Pequeno I;251690;2516904;PB;Uiraúna;Uiraúna;294,50;14584;10349;4235;Pequeno I
2500703308083;2500700;250070;Região Nordeste;PB;São João do Rio do Peixe;São João do Rio do Peixe;474,43;18201;Pequeno I;251720;2517209;PB;Vieirópolis;Vieirópolis;146,78;5045;996;4049;Pequeno I
2800303305714;2800308;280030;Região Nordeste;SE;Aracaju;Aracaju;174,05;571149;Grande;280010;2800100;SE;Amparo de São Francisco;Amparo de São Francisco;35,17;2275;1840;435;Pequeno I
2801503306577;2801504;280150;Região Nordeste;SE;Carmópolis;Carmópolis;45,91;13503;Pequeno I;280010;2800100;SE;Amparo de São Francisco;Amparo de São Francisco;35,17;2275;1840;435;Pequeno I
2800303305714;2800308;280030;Região Nordeste;SE;Aracaju;Aracaju;174,05;571149;Grande;280020;2800209;SE;Aquidabã;Aquidabã;357,00;20056;11457;8599;Pequeno II
2800303305714;2800308;280030;Região Nordeste;SE;Aracaju;Aracaju;174,05;571149;Grande;280030;2800308;SE;Aracaju;Aracaju;174,05;571149;571149;#NULO!;Grande
2800303305714;2800308;280030;Região Nordeste;SE;Aracaju;Aracaju;174,05;571149;Grande;280040;2800407;SE;Arauá;Arauá;192,72;10878;4487;6391;Pequeno I
2800303305714;2800308;280030;Região Nordeste;SE;Aracaju;Aracaju;174,05;571149;Grande;280050;2800506;SE;Areia Branca;Areia Branca;128,39;16857;8191;8666;Pequeno I
2800303305714;2800308;280030;Região Nordeste;SE;Aracaju;Aracaju;174,05;571149;Grande;280060;2800605;SE;Barra Dos Coqueiros;Barra dos Coqueiros;91,10;24976;20886;4090;Pequeno II
2800303305714;2800308;280030;Região Nordeste;SE;Aracaju;Aracaju;174,05;571149;Grande;280067;2800670;SE;Boquim;Boquim;214,57;25533;15994;9539;Pequeno II
2800303305714;2800308;280030;Região Nordeste;SE;Aracaju;Aracaju;174,05;571149;Grande;280070;2800704;SE;Brejo Grande;Brejo Grande;149,95;7742;4022;3720;Pequeno I
2800303305714;2800308;280030;Região Nordeste;SE;Aracaju;Aracaju;174,05;571149;Grande;280100;2801009;SE;Campo do Brito;Campo do Brito;201,72;16749;8330;8419;Pequeno I
2802303306578;2802304;280230;Região Nordeste;SE;Frei Paulo;Frei Paulo;399,44;13874;Pequeno I;280100;2801009;SE;Campo do Brito;Campo do Brito;201,72;16749;8330;8419;Pequeno I
2800303305714;2800308;280030;Região Nordeste;SE;Aracaju;Aracaju;174,05;571149;Grande;280110;2801108;SE;Canhoba;Canhoba;170,05;3956;1499;2457;Pequeno I
2800303305714;2800308;280030;Região Nordeste;SE;Aracaju;Aracaju;174,05;571149;Grande;280120;2801207;SE;Canindé de São Francisco;Canindé de São Francisco;902,25;24686;14063;10623;Pequeno II
2800303305714;2800308;280030;Região Nordeste;SE;Aracaju;Aracaju;174,05;571149;Grande;280130;2801306;SE;Capela;Capela;440,72;30761;19742;11019;Pequeno II
2800303305714;2800308;280030;Região Nordeste;SE;Aracaju;Aracaju;174,05;571149;Grande;280140;2801405;SE;Carira;Carira;636,40;20007;11167;8840;Pequeno II
2800303305714;2800308;280030;Região Nordeste;SE;Aracaju;Aracaju;174,05;571149;Grande;280150;2801504;SE;Carmópolis;Carmópolis;45,91;13503;10716;2787;Pequeno I
2801503306577;2801504;280150;Região Nordeste;SE;Carmópolis;Carmópolis;45,91;13503;Pequeno I;280150;2801504;SE;Carmópolis;Carmópolis;45,91;13503;10716;2787;Pequeno I
2800303305714;2800308;280030;Região Nordeste;SE;Aracaju;Aracaju;174,05;571149;Grande;280160;2801603;SE;Cedro de São João;Cedro de São João;79,59;5633;5035;598;Pequeno I
2801503306577;2801504;280150;Região Nordeste;SE;Carmópolis;Carmópolis;45,91;13503;Pequeno I;280160;2801603;SE;Cedro de São João;Cedro de São João;79,59;5633;5035;598;Pequeno I
2800303305714;2800308;280030;Região Nordeste;SE;Aracaju;Aracaju;174,05;571149;Grande;280170;2801702;SE;Cristinápolis;Cristinápolis;253,87;16519;8336;8183;Pequeno I
2800303305714;2800308;280030;Região Nordeste;SE;Aracaju;Aracaju;174,05;571149;Grande;280190;2801900;SE;Cumbe;Cumbe;129,20;3813;2271;1542;Pequeno I
2800303305714;2800308;280030;Região Nordeste;SE;Aracaju;Aracaju;174,05;571149;Grande;280200;2802007;SE;Divina Pastora;Divina Pastora;92,25;4326;2099;2227;Pequeno I
2801503306577;2801504;280150;Região Nordeste;SE;Carmópolis;Carmópolis;45,91;13503;Pequeno I;280200;2802007;SE;Divina Pastora;Divina Pastora;92,25;4326;2099;2227;Pequeno I
2800303305714;2800308;280030;Região Nordeste;SE;Aracaju;Aracaju;174,05;571149;Grande;280210;2802106;SE;Estância;Estância;642,31;64409;54760;9649;Médio
2800303305714;2800308;280030;Região Nordeste;SE;Aracaju;Aracaju;174,05;571149;Grande;280220;2802205;SE;Feira Nova;Feira Nova;188,01;5324;3587;1737;Pequeno I
2800303305714;2800308;280030;Região Nordeste;SE;Aracaju;Aracaju;174,05;571149;Grande;280230;2802304;SE;Frei Paulo;Frei Paulo;399,44;13874;8213;5661;Pequeno I
2802303306578;2802304;280230;Região Nordeste;SE;Frei Paulo;Frei Paulo;399,44;13874;Pequeno I;280230;2802304;SE;Frei Paulo;Frei Paulo;399,44;13874;8213;5661;Pequeno I
2800303305714;2800308;280030;Região Nordeste;SE;Aracaju;Aracaju;174,05;571149;Grande;280240;2802403;SE;Gararu;Gararu;644,72;11405;2832;8573;Pequeno I
2800303305714;2800308;280030;Região Nordeste;SE;Aracaju;Aracaju;174,05;571149;Grande;280250;2802502;SE;General Maynard;General Maynard;20,22;2929;1843;1086;Pequeno I
2801503306577;2801504;280150;Região Nordeste;SE;Carmópolis;Carmópolis;45,91;13503;Pequeno I;280250;2802502;SE;General Maynard;General Maynard;20,22;2929;1843;1086;Pequeno I
2800303305714;2800308;280030;Região Nordeste;SE;Aracaju;Aracaju;174,05;571149;Grande;280260;2802601;SE;Gracho Cardoso;Gracho Cardoso;242,15;5645;2703;2942;Pequeno I
2802303306578;2802304;280230;Região Nordeste;SE;Frei Paulo;Frei Paulo;399,44;13874;Pequeno I;280260;2802601;SE;Gracho Cardoso;Gracho Cardoso;242,15;5645;2703;2942;Pequeno I
2800303305714;2800308;280030;Região Nordeste;SE;Aracaju;Aracaju;174,05;571149;Grande;280270;2802700;SE;Ilha Das Flores;Ilha das Flores;52,82;8348;5435;2913;Pequeno I
2800303305714;2800308;280030;Região Nordeste;SE;Aracaju;Aracaju;174,05;571149;Grande;280280;2802809;SE;Indiaroba;Indiaroba;313,58;15831;5585;10246;Pequeno I
2800303305714;2800308;280030;Região Nordeste;SE;Aracaju;Aracaju;174,05;571149;Grande;280290;2802908;SE;Itabaiana;Itabaiana;336,69;86967;67709;19258;Médio
2800303305714;2800308;280030;Região Nordeste;SE;Aracaju;Aracaju;174,05;571149;Grande;280300;2803005;SE;Itabaianinha;Itabaianinha;493,31;38910;19409;19501;Pequeno II
2800303305714;2800308;280030;Região Nordeste;SE;Aracaju;Aracaju;174,05;571149;Grande;280310;2803104;SE;Itabi;Itabi;195,09;4972;2752;2220;Pequeno I
2800303305714;2800308;280030;Região Nordeste;SE;Aracaju;Aracaju;174,05;571149;Grande;280320;2803203;SE;Itaporanga D´ajuda;Itaporanga d'Ajuda;757,28;30419;11869;18550;Pequeno II
2800303305714;2800308;280030;Região Nordeste;SE;Aracaju;Aracaju;174,05;571149;Grande;280330;2803302;SE;Japaratuba;Japaratuba;359,51;16864;7903;8961;Pequeno I
2800303305714;2800308;280030;Região Nordeste;SE;Aracaju;Aracaju;174,05;571149;Grande;280340;2803401;SE;Japoatã;Japoatã;420,49;12938;4312;8626;Pequeno I
2801503306577;2801504;280150;Região Nordeste;SE;Carmópolis;Carmópolis;45,91;13503;Pequeno I;280340;2803401;SE;Japoatã;Japoatã;420,49;12938;4312;8626;Pequeno I
2800303305714;2800308;280030;Região Nordeste;SE;Aracaju;Aracaju;174,05;571149;Grande;280350;2803500;SE;Lagarto;Lagarto;969,23;94861;48867;45994;Médio
2800303305714;2800308;280030;Região Nordeste;SE;Aracaju;Aracaju;174,05;571149;Grande;280360;2803609;SE;Laranjeiras;Laranjeiras;162,54;26902;21257;5645;Pequeno II
2800303305714;2800308;280030;Região Nordeste;SE;Aracaju;Aracaju;174,05;571149;Grande;280370;2803708;SE;Macambira;Macambira;137,37;6401;3063;3338;Pequeno I
2800303305714;2800308;280030;Região Nordeste;SE;Aracaju;Aracaju;174,05;571149;Grande;280380;2803807;SE;Malhada Dos Bois;Malhada dos Bois;62,37;3456;1600;1856;Pequeno I
2800303305714;2800308;280030;Região Nordeste;SE;Aracaju;Aracaju;174,05;571149;Grande;280390;2803906;SE;Malhador;Malhador;100,94;12042;5626;6416;Pequeno I
2802303306578;2802304;280230;Região Nordeste;SE;Frei Paulo;Frei Paulo;399,44;13874;Pequeno I;280390;2803906;SE;Malhador;Malhador;100,94;12042;5626;6416;Pequeno I
2800303305714;2800308;280030;Região Nordeste;SE;Aracaju;Aracaju;174,05;571149;Grande;280400;2804003;SE;Maruim;Maruim;94,29;16343;12041;4302;Pequeno I
2800303305714;2800308;280030;Região Nordeste;SE;Aracaju;Aracaju;174,05;571149;Grande;280410;2804102;SE;Moita Bonita;Moita Bonita;95,82;11001;4600;6401;Pequeno I
2802303306578;2802304;280230;Região Nordeste;SE;Frei Paulo;Frei Paulo;399,44;13874;Pequeno I;280410;2804102;SE;Moita Bonita;Moita Bonita;95,82;11001;4600;6401;Pequeno I
2800303305714;2800308;280030;Região Nordeste;SE;Aracaju;Aracaju;174,05;571149;Grande;280420;2804201;SE;Monte Alegre de Sergipe;Monte Alegre de Sergipe;407,41;13627;8043;5584;Pequeno I
2800303305714;2800308;280030;Região Nordeste;SE;Aracaju;Aracaju;174,05;571149;Grande;280430;2804300;SE;Muribeca;Muribeca;79,15;7344;3288;4056;Pequeno I
2800303305714;2800308;280030;Região Nordeste;SE;Aracaju;Aracaju;174,05;571149;Grande;280440;2804409;SE;Neópolis;Neópolis;259,33;18506;10517;7989;Pequeno I
2800303305714;2800308;280030;Região Nordeste;SE;Aracaju;Aracaju;174,05;571149;Grande;280445;2804458;SE;Nossa Senhora Aparecida;Nossa Senhora Aparecida;340,38;8508;3455;5053;Pequeno I
2802303306578;2802304;280230;Região Nordeste;SE;Frei Paulo;Frei Paulo;399,44;13874;Pequeno I;280445;2804458;SE;Nossa Senhora Aparecida;Nossa Senhora Aparecida;340,38;8508;3455;5053;Pequeno I
2800303305714;2800308;280030;Região Nordeste;SE;Aracaju;Aracaju;174,05;571149;Grande;280450;2804508;SE;Nossa Senhora da Glória;Nossa Senhora da Glória;756,49;32497;21617;10880;Pequeno II
2800303305714;2800308;280030;Região Nordeste;SE;Aracaju;Aracaju;174,05;571149;Grande;280460;2804607;SE;Nossa Senhora Das Dores;Nossa Senhora das Dores;471,00;24580;16027;8553;Pequeno II
2800303305714;2800308;280030;Região Nordeste;SE;Aracaju;Aracaju;174,05;571149;Grande;280470;2804706;SE;Nossa Senhora de Lourdes;Nossa Senhora de Lourdes;80,42;6238;3291;2947;Pequeno I
2800303305714;2800308;280030;Região Nordeste;SE;Aracaju;Aracaju;174,05;571149;Grande;280480;2804805;SE;Nossa Senhora do Socorro;Nossa Senhora do Socorro;157,52;160827;155823;5004;Grande
2800303305714;2800308;280030;Região Nordeste;SE;Aracaju;Aracaju;174,05;571149;Grande;280490;2804904;SE;Pacatuba;Pacatuba;363,76;13137;2688;10449;Pequeno I
2800303305714;2800308;280030;Região Nordeste;SE;Aracaju;Aracaju;174,05;571149;Grande;280500;2805000;SE;Pedra Mole;Pedra Mole;81,62;2974;1197;1777;Pequeno I
2802303306578;2802304;280230;Região Nordeste;SE;Frei Paulo;Frei Paulo;399,44;13874;Pequeno I;280500;2805000;SE;Pedra Mole;Pedra Mole;81,62;2974;1197;1777;Pequeno I
2800303305714;2800308;280030;Região Nordeste;SE;Aracaju;Aracaju;174,05;571149;Grande;280510;2805109;SE;Pedrinhas;Pedrinhas;33,94;8833;6471;2362;Pequeno I
2800303305714;2800308;280030;Região Nordeste;SE;Aracaju;Aracaju;174,05;571149;Grande;280520;2805208;SE;Pinhão;Pinhão;155,89;5973;3319;2654;Pequeno I
2802303306578;2802304;280230;Região Nordeste;SE;Frei Paulo;Frei Paulo;399,44;13874;Pequeno I;280520;2805208;SE;Pinhão;Pinhão;155,89;5973;3319;2654;Pequeno I
2800303305714;2800308;280030;Região Nordeste;SE;Aracaju;Aracaju;174,05;571149;Grande;280530;2805307;SE;Pirambu;Pirambu;218,08;8369;4906;3463;Pequeno I
2800303305714;2800308;280030;Região Nordeste;SE;Aracaju;Aracaju;174,05;571149;Grande;280540;2805406;SE;Poço Redondo;Poço Redondo;1212,46;30880;8538;22342;Pequeno II
2800303305714;2800308;280030;Região Nordeste;SE;Aracaju;Aracaju;174,05;571149;Grande;280550;2805505;SE;Poço Verde;Poço Verde;430,97;21983;12312;9671;Pequeno II
2800303305714;2800308;280030;Região Nordeste;SE;Aracaju;Aracaju;174,05;571149;Grande;280560;2805604;SE;Porto da Folha;Porto da Folha;896,94;27146;9955;17191;Pequeno II
2800303305714;2800308;280030;Região Nordeste;SE;Aracaju;Aracaju;174,05;571149;Grande;280570;2805703;SE;Propriá;Propriá;95,04;28451;24390;4061;Pequeno II
2800303305714;2800308;280030;Região Nordeste;SE;Aracaju;Aracaju;174,05;571149;Grande;280580;2805802;SE;Riachão do Dantas;Riachão do Dantas;528,26;19386;4872;14514;Pequeno I
2800303305714;2800308;280030;Região Nordeste;SE;Aracaju;Aracaju;174,05;571149;Grande;280590;2805901;SE;Riachuelo;Riachuelo;78,48;9355;7855;1500;Pequeno I
2800303305714;2800308;280030;Região Nordeste;SE;Aracaju;Aracaju;174,05;571149;Grande;280600;2806008;SE;Ribeirópolis;Ribeirópolis;261,55;17173;11928;5245;Pequeno I
2802303306578;2802304;280230;Região Nordeste;SE;Frei Paulo;Frei Paulo;399,44;13874;Pequeno I;280600;2806008;SE;Ribeirópolis;Ribeirópolis;261,55;17173;11928;5245;Pequeno I
2800303305714;2800308;280030;Região Nordeste;SE;Aracaju;Aracaju;174,05;571149;Grande;280610;2806107;SE;Rosário do Catete;Rosário do Catete;105,41;9221;6509;2712;Pequeno I
2801503306577;2801504;280150;Região Nordeste;SE;Carmópolis;Carmópolis;45,91;13503;Pequeno I;280610;2806107;SE;Rosário do Catete;Rosário do Catete;105,41;9221;6509;2712;Pequeno I
2800303305714;2800308;280030;Região Nordeste;SE;Aracaju;Aracaju;174,05;571149;Grande;280620;2806206;SE;Salgado;Salgado;248,45;19365;6694;12671;Pequeno I
2800303305714;2800308;280030;Região Nordeste;SE;Aracaju;Aracaju;174,05;571149;Grande;280630;2806305;SE;Santa Luzia do Itanhy;Santa Luzia do Itanhy;329,50;12969;2915;10054;Pequeno I
2800303305714;2800308;280030;Região Nordeste;SE;Aracaju;Aracaju;174,05;571149;Grande;280640;2806404;SE;Santana do São Francisco;Santana do São Francisco;46,34;7038;4523;2515;Pequeno I
2800303305714;2800308;280030;Região Nordeste;SE;Aracaju;Aracaju;174,05;571149;Grande;280650;2806503;SE;Santa Rosa de Lima;Santa Rosa de Lima;67,61;3749;2137;1612;Pequeno I
2801503306577;2801504;280150;Região Nordeste;SE;Carmópolis;Carmópolis;45,91;13503;Pequeno I;280650;2806503;SE;Santa Rosa de Lima;Santa Rosa de Lima;67,61;3749;2137;1612;Pequeno I
2800303305714;2800308;280030;Região Nordeste;SE;Aracaju;Aracaju;174,05;571149;Grande;280660;2806602;SE;Santo Amaro Das Brotas;Santo Amaro das Brotas;234,65;11410;8211;3199;Pequeno I
2800303305714;2800308;280030;Região Nordeste;SE;Aracaju;Aracaju;174,05;571149;Grande;280670;2806701;SE;São Cristóvão;São Cristóvão;437,44;78864;66665;12199;Médio
2800303305714;2800308;280030;Região Nordeste;SE;Aracaju;Aracaju;174,05;571149;Grande;280680;2806800;SE;São Domingos;São Domingos;102,47;10271;5147;5124;Pequeno I
2802303306578;2802304;280230;Região Nordeste;SE;Frei Paulo;Frei Paulo;399,44;13874;Pequeno I;280680;2806800;SE;São Domingos;São Domingos;102,47;10271;5147;5124;Pequeno I
2800303305714;2800308;280030;Região Nordeste;SE;Aracaju;Aracaju;174,05;571149;Grande;280690;2806909;SE;São Francisco;São Francisco;82,57;3393;2379;1014;Pequeno I
2800303305714;2800308;280030;Região Nordeste;SE;Aracaju;Aracaju;174,05;571149;Grande;280700;2807006;SE;São Miguel do Aleixo;São Miguel do Aleixo;144,54;3698;1747;1951;Pequeno I
2802303306578;2802304;280230;Região Nordeste;SE;Frei Paulo;Frei Paulo;399,44;13874;Pequeno I;280700;2807006;SE;São Miguel do Aleixo;São Miguel do Aleixo;144,54;3698;1747;1951;Pequeno I
2800303305714;2800308;280030;Região Nordeste;SE;Aracaju;Aracaju;174,05;571149;Grande;280710;2807105;SE;Simão Dias;Simão Dias;559,62;38702;20426;18276;Pequeno II
2800303305714;2800308;280030;Região Nordeste;SE;Aracaju;Aracaju;174,05;571149;Grande;280720;2807204;SE;Siriri;Siriri;168,96;8004;3181;4823;Pequeno I
2800303305714;2800308;280030;Região Nordeste;SE;Aracaju;Aracaju;174,05;571149;Grande;280730;2807303;SE;Telha;Telha;49,45;2957;1127;1830;Pequeno I
2801503306577;2801504;280150;Região Nordeste;SE;Carmópolis;Carmópolis;45,91;13503;Pequeno I;280730;2807303;SE;Telha;Telha;49,45;2957;1127;1830;Pequeno I
2800303305714;2800308;280030;Região Nordeste;SE;Aracaju;Aracaju;174,05;571149;Grande;280740;2807402;SE;Tobias Barreto;Tobias Barreto;1032,83;48040;32228;15812;Pequeno II
2800303305714;2800308;280030;Região Nordeste;SE;Aracaju;Aracaju;174,05;571149;Grande;280750;2807501;SE;Tomar do Geru;Tomar do Geru;287,66;12855;4812;8043;Pequeno I
2800303305714;2800308;280030;Região Nordeste;SE;Aracaju;Aracaju;174,05;571149;Grande;280760;2807600;SE;Umbaúba;Umbaúba;121,10;22434;13923;8511;Pequeno II
5002703300926;5002704;500270;Região Centro-Oeste;MS;Campo Grande;Campo Grande;8096,05;786797;Grande;500020;5000203;MS;Água Clara;Água Clara;11031,07;14424;9598;4826;Pequeno I
5008303305887;5008305;500830;Região Centro-Oeste;MS;Três Lagoas;Três Lagoas;10206,37;101791;Grande;500020;5000203;MS;Água Clara;Água Clara;11031,07;14424;9598;4826;Pequeno I
5002703300926;5002704;500270;Região Centro-Oeste;MS;Campo Grande;Campo Grande;8096,05;786797;Grande;500025;5000252;MS;Alcinópolis;Alcinópolis;4399,68;4569;3136;1433;Pequeno I
5002703300926;5002704;500270;Região Centro-Oeste;MS;Campo Grande;Campo Grande;8096,05;786797;Grande;500060;5000609;MS;Amambaí;Amambai;4202,30;34730;22375;12355;Pequeno II
5002703300926;5002704;500270;Região Centro-Oeste;MS;Campo Grande;Campo Grande;8096,05;786797;Grande;500070;5000708;MS;Anastácio;Anastácio;2949,21;23835;19674;4161;Pequeno II
5002703300926;5002704;500270;Região Centro-Oeste;MS;Campo Grande;Campo Grande;8096,05;786797;Grande;500080;5000807;MS;Anaurilândia;Anaurilândia;3395,54;8493;4322;4171;Pequeno I
5002703300926;5002704;500270;Região Centro-Oeste;MS;Campo Grande;Campo Grande;8096,05;786797;Grande;500085;5000856;MS;Angélica;Angélica;1273,20;9185;7691;1494;Pequeno I
5003703305888;5003702;500370;Região Centro-Oeste;MS;Dourados;Dourados;4086,39;196035;Grande;500085;5000856;MS;Angélica;Angélica;1273,20;9185;7691;1494;Pequeno I
5002703300926;5002704;500270;Região Centro-Oeste;MS;Campo Grande;Campo Grande;8096,05;786797;Grande;500090;5000906;MS;Antônio João;Antônio João;1143,75;8208;6828;1380;Pequeno I
5002703300926;5002704;500270;Região Centro-Oeste;MS;Campo Grande;Campo Grande;8096,05;786797;Grande;500100;5001003;MS;Aparecida do Taboado;Aparecida do Taboado;2750,13;22320;20096;2224;Pequeno II
5008303305887;5008305;500830;Região Centro-Oeste;MS;Três Lagoas;Três Lagoas;10206,37;101791;Grande;500100;5001003;MS;Aparecida do Taboado;Aparecida do Taboado;2750,13;22320;20096;2224;Pequeno II
5002703300926;5002704;500270;Região Centro-Oeste;MS;Campo Grande;Campo Grande;8096,05;786797;Grande;500110;5001102;MS;Aquidauana;Aquidauana;16958,50;45614;35926;9688;Pequeno II
5002703303505;5002704;500270;Região Centro-Oeste;MS;Campo Grande;Campo Grande;8096,05;786797;Grande;500110;5001102;MS;Aquidauana;Aquidauana;16958,50;45614;35926;9688;Pequeno II
5002703300926;5002704;500270;Região Centro-Oeste;MS;Campo Grande;Campo Grande;8096,05;786797;Grande;500124;5001243;MS;Aral Moreira;Aral Moreira;1656,19;10251;5357;4894;Pequeno I
5002703300926;5002704;500270;Região Centro-Oeste;MS;Campo Grande;Campo Grande;8096,05;786797;Grande;500150;5001508;MS;Bandeirantes;Bandeirantes;3115,51;6609;4532;2077;Pequeno I
5002703300926;5002704;500270;Região Centro-Oeste;MS;Campo Grande;Campo Grande;8096,05;786797;Grande;500190;5001904;MS;Bataguassu;Bataguassu;2416,72;19839;15239;4600;Pequeno I
5008303305887;5008305;500830;Região Centro-Oeste;MS;Três Lagoas;Três Lagoas;10206,37;101791;Grande;500190;5001904;MS;Bataguassu;Bataguassu;2416,72;19839;15239;4600;Pequeno I
5002703300926;5002704;500270;Região Centro-Oeste;MS;Campo Grande;Campo Grande;8096,05;786797;Grande;500200;5002001;MS;Batayporã;Batayporã;1828,21;10936;8331;2605;Pequeno I
5002703300926;5002704;500270;Região Centro-Oeste;MS;Campo Grande;Campo Grande;8096,05;786797;Grande;500210;5002100;MS;Bela Vista;Bela Vista;4895,54;23181;18927;4254;Pequeno II
5002703300926;5002704;500270;Região Centro-Oeste;MS;Campo Grande;Campo Grande;8096,05;786797;Grande;500215;5002159;MS;Bodoquena;Bodoquena;2507,24;7985;5777;2208;Pequeno I
5002703300926;5002704;500270;Região Centro-Oeste;MS;Campo Grande;Campo Grande;8096,05;786797;Grande;500220;5002209;MS;Bonito;Bonito;4934,32;19587;16159;3428;Pequeno I
5002703300926;5002704;500270;Região Centro-Oeste;MS;Campo Grande;Campo Grande;8096,05;786797;Grande;500230;5002308;MS;Brasilândia;Brasilândia;5806,89;11826;8013;3813;Pequeno I
5008303305887;5008305;500830;Região Centro-Oeste;MS;Três Lagoas;Três Lagoas;10206,37;101791;Grande;500230;5002308;MS;Brasilândia;Brasilândia;5806,89;11826;8013;3813;Pequeno I
5002703300926;5002704;500270;Região Centro-Oeste;MS;Campo Grande;Campo Grande;8096,05;786797;Grande;500240;5002407;MS;Caarapó;Caarapó;2089,71;25767;18309;7458;Pequeno II
5002703303505;5002704;500270;Região Centro-Oeste;MS;Campo Grande;Campo Grande;8096,05;786797;Grande;500240;5002407;MS;Caarapó;Caarapó;2089,71;25767;18309;7458;Pequeno II
5002703300926;5002704;500270;Região Centro-Oeste;MS;Campo Grande;Campo Grande;8096,05;786797;Grande;500260;5002605;MS;Camapuã;Camapuã;10758,43;13625;9797;3828;Pequeno I
5002703300926;5002704;500270;Região Centro-Oeste;MS;Campo Grande;Campo Grande;8096,05;786797;Grande;500270;5002704;MS;Campo Grande;Campo Grande;8096,05;786797;776242;10555;Grande
5002703302293;5002704;500270;Região Centro-Oeste;MS;Campo Grande;Campo Grande;8096,05;786797;Grande;500270;5002704;MS;Campo Grande;Campo Grande;8096,05;786797;776242;10555;Grande
5002703300926;5002704;500270;Região Centro-Oeste;MS;Campo Grande;Campo Grande;8096,05;786797;Grande;500280;5002803;MS;Caracol;Caracol;2938,68;5398;3238;2160;Pequeno I
5002703300926;5002704;500270;Região Centro-Oeste;MS;Campo Grande;Campo Grande;8096,05;786797;Grande;500290;5002902;MS;Cassilândia;Cassilândia;3649,83;20966;19008;1958;Pequeno II
5008303305887;5008305;500830;Região Centro-Oeste;MS;Três Lagoas;Três Lagoas;10206,37;101791;Grande;500290;5002902;MS;Cassilândia;Cassilândia;3649,83;20966;19008;1958;Pequeno II
5002703300926;5002704;500270;Região Centro-Oeste;MS;Campo Grande;Campo Grande;8096,05;786797;Grande;500295;5002951;MS;Chapadão do Sul;Chapadão do Sul;3850,69;19648;16777;2871;Pequeno I
5008303305887;5008305;500830;Região Centro-Oeste;MS;Três Lagoas;Três Lagoas;10206,37;101791;Grande;500295;5002951;MS;Chapadão do Sul;Chapadão do Sul;3850,69;19648;16777;2871;Pequeno I
5002703300926;5002704;500270;Região Centro-Oeste;MS;Campo Grande;Campo Grande;8096,05;786797;Grande;500310;5003108;MS;Corguinho;Corguinho;2640,81;4862;1872;2990;Pequeno I
5002703300926;5002704;500270;Região Centro-Oeste;MS;Campo Grande;Campo Grande;8096,05;786797;Grande;500315;5003157;MS;Coronel Sapucaia;Coronel Sapucaia;1028,90;14064;10208;3856;Pequeno I
5002703300926;5002704;500270;Região Centro-Oeste;MS;Campo Grande;Campo Grande;8096,05;786797;Grande;500320;5003207;MS;Corumbá;Corumbá;64960,86;103703;93452;10251;Grande
5002703300926;5002704;500270;Região Centro-Oeste;MS;Campo Grande;Campo Grande;8096,05;786797;Grande;500325;5003256;MS;Costa Rica;Costa Rica;5722,83;19695;16848;2847;Pequeno I
5002703300926;5002704;500270;Região Centro-Oeste;MS;Campo Grande;Campo Grande;8096,05;786797;Grande;500330;5003306;MS;Coxim;Coxim;6411,55;32159;29145;3014;Pequeno II
5002703300926;5002704;500270;Região Centro-Oeste;MS;Campo Grande;Campo Grande;8096,05;786797;Grande;500345;5003454;MS;Deodápolis;Deodápolis;831,26;12139;10047;2092;Pequeno I
5002703300926;5002704;500270;Região Centro-Oeste;MS;Campo Grande;Campo Grande;8096,05;786797;Grande;500348;5003488;MS;Dois Irmãos do Buriti;Dois Irmãos do Buriti;2344,61;10363;4705;5658;Pequeno I
5002703300926;5002704;500270;Região Centro-Oeste;MS;Campo Grande;Campo Grande;8096,05;786797;Grande;500350;5003504;MS;Douradina;Douradina;280,69;5364;3286;2078;Pequeno I
5002703300926;5002704;500270;Região Centro-Oeste;MS;Campo Grande;Campo Grande;8096,05;786797;Grande;500370;5003702;MS;Dourados;Dourados;4086,39;196035;181005;15030;Grande
5002703303505;5002704;500270;Região Centro-Oeste;MS;Campo Grande;Campo Grande;8096,05;786797;Grande;500370;5003702;MS;Dourados;Dourados;4086,39;196035;181005;15030;Grande
5003703305888;5003702;500370;Região Centro-Oeste;MS;Dourados;Dourados;4086,39;196035;Grande;500370;5003702;MS;Dourados;Dourados;4086,39;196035;181005;15030;Grande
5002703300926;5002704;500270;Região Centro-Oeste;MS;Campo Grande;Campo Grande;8096,05;786797;Grande;500375;5003751;MS;Eldorado;Eldorado;1017,79;11694;9348;2346;Pequeno I
5002703300926;5002704;500270;Região Centro-Oeste;MS;Campo Grande;Campo Grande;8096,05;786797;Grande;500380;5003801;MS;Fátima do Sul;Fátima do Sul;315,24;19035;16967;2068;Pequeno I
5002703300926;5002704;500270;Região Centro-Oeste;MS;Campo Grande;Campo Grande;8096,05;786797;Grande;500390;5003900;MS;Figueirão;Figueirão;4882,88;2928;1530;1398;Pequeno I
5002703300926;5002704;500270;Região Centro-Oeste;MS;Campo Grande;Campo Grande;8096,05;786797;Grande;500400;5004007;MS;Glória de Dourados;Glória de Dourados;491,76;9927;7670;2257;Pequeno I
5002703300926;5002704;500270;Região Centro-Oeste;MS;Campo Grande;Campo Grande;8096,05;786797;Grande;500410;5004106;MS;Guia Lopes da Laguna;Guia Lopes da Laguna;1210,47;10366;8785;1581;Pequeno I
5002703300926;5002704;500270;Região Centro-Oeste;MS;Campo Grande;Campo Grande;8096,05;786797;Grande;500430;5004304;MS;Iguatemi;Iguatemi;2946,68;14875;11006;3869;Pequeno I
5002703300926;5002704;500270;Região Centro-Oeste;MS;Campo Grande;Campo Grande;8096,05;786797;Grande;500440;5004403;MS;Inocência;Inocência;5776,26;7669;4871;2798;Pequeno I
5008303305887;5008305;500830;Região Centro-Oeste;MS;Três Lagoas;Três Lagoas;10206,37;101791;Grande;500440;5004403;MS;Inocência;Inocência;5776,26;7669;4871;2798;Pequeno I
5002703300926;5002704;500270;Região Centro-Oeste;MS;Campo Grande;Campo Grande;8096,05;786797;Grande;500450;5004502;MS;Itaporã;Itaporã;1322,00;20865;13290;7575;Pequeno II
5002703300926;5002704;500270;Região Centro-Oeste;MS;Campo Grande;Campo Grande;8096,05;786797;Grande;500460;5004601;MS;Itaquiraí;Itaquiraí;2063,88;18614;7600;11014;Pequeno I
5002703300926;5002704;500270;Região Centro-Oeste;MS;Campo Grande;Campo Grande;8096,05;786797;Grande;500470;5004700;MS;Ivinhema;Ivinhema;2009,89;22341;17274;5067;Pequeno II
5002703300926;5002704;500270;Região Centro-Oeste;MS;Campo Grande;Campo Grande;8096,05;786797;Grande;500480;5004809;MS;Japorã;Japorã;419,80;7731;1400;6331;Pequeno I
5002703300926;5002704;500270;Região Centro-Oeste;MS;Campo Grande;Campo Grande;8096,05;786797;Grande;500490;5004908;MS;Jaraguari;Jaraguari;2913,00;6341;1786;4555;Pequeno I
5002703300926;5002704;500270;Região Centro-Oeste;MS;Campo Grande;Campo Grande;8096,05;786797;Grande;500500;5005004;MS;Jardim;Jardim;2201,73;24346;22741;1605;Pequeno II
5002703300926;5002704;500270;Região Centro-Oeste;MS;Campo Grande;Campo Grande;8096,05;786797;Grande;500510;5005103;MS;Jateí;Jateí;1927,97;4011;1871;2140;Pequeno I
5002703300926;5002704;500270;Região Centro-Oeste;MS;Campo Grande;Campo Grande;8096,05;786797;Grande;500515;5005152;MS;Juti;Juti;1584,60;5900;3925;1975;Pequeno I
5002703300926;5002704;500270;Região Centro-Oeste;MS;Campo Grande;Campo Grande;8096,05;786797;Grande;500520;5005202;MS;Ladário;Ladário;342,51;19617;18587;1030;Pequeno I
5002703300926;5002704;500270;Região Centro-Oeste;MS;Campo Grande;Campo Grande;8096,05;786797;Grande;500525;5005251;MS;Laguna Carapã;Laguna Carapã;1733,85;6491;2737;3754;Pequeno I
5002703300926;5002704;500270;Região Centro-Oeste;MS;Campo Grande;Campo Grande;8096,05;786797;Grande;500540;5005400;MS;Maracaju;Maracaju;5298,84;37405;32224;5181;Pequeno II
5002703300926;5002704;500270;Região Centro-Oeste;MS;Campo Grande;Campo Grande;8096,05;786797;Grande;500560;5005608;MS;Miranda;Miranda;5478,63;25595;15567;10028;Pequeno II
5002703300926;5002704;500270;Região Centro-Oeste;MS;Campo Grande;Campo Grande;8096,05;786797;Grande;500568;5005681;MS;Mundo Novo;Mundo Novo;479,33;17043;15271;1772;Pequeno I
5002703300926;5002704;500270;Região Centro-Oeste;MS;Campo Grande;Campo Grande;8096,05;786797;Grande;500570;5005707;MS;Naviraí;Naviraí;3193,84;46424;42855;3569;Pequeno II
5003703305888;5003702;500370;Região Centro-Oeste;MS;Dourados;Dourados;4086,39;196035;Grande;500570;5005707;MS;Naviraí;Naviraí;3193,84;46424;42855;3569;Pequeno II
5002703300926;5002704;500270;Região Centro-Oeste;MS;Campo Grande;Campo Grande;8096,05;786797;Grande;500580;5005806;MS;Nioaque;Nioaque;3923,80;14391;7057;7334;Pequeno I
5002703300926;5002704;500270;Região Centro-Oeste;MS;Campo Grande;Campo Grande;8096,05;786797;Grande;500600;5006002;MS;Nova Alvorada do Sul;Nova Alvorada do Sul;4019,21;16432;12286;4146;Pequeno I
5002703300926;5002704;500270;Região Centro-Oeste;MS;Campo Grande;Campo Grande;8096,05;786797;Grande;500620;5006200;MS;Nova Andradina;Nova Andradina;4776,10;45585;38786;6799;Pequeno II
5003703305888;5003702;500370;Região Centro-Oeste;MS;Dourados;Dourados;4086,39;196035;Grande;500620;5006200;MS;Nova Andradina;Nova Andradina;4776,10;45585;38786;6799;Pequeno II
5002703300926;5002704;500270;Região Centro-Oeste;MS;Campo Grande;Campo Grande;8096,05;786797;Grande;500625;5006259;MS;Novo Horizonte do Sul;Novo Horizonte do Sul;849,12;4940;2660;2280;Pequeno I
5002703300926;5002704;500270;Região Centro-Oeste;MS;Campo Grande;Campo Grande;8096,05;786797;Grande;500627;5006275;MS;Paraíso das Águas;Paraíso das Águas;#NULO!;5150;#NULO!;#NULO!;Pequeno I
5002703300926;5002704;500270;Região Centro-Oeste;MS;Campo Grande;Campo Grande;8096,05;786797;Grande;500630;5006309;MS;Paranaíba;Paranaíba;5402,78;40192;35754;4438;Pequeno II
5008303305887;5008305;500830;Região Centro-Oeste;MS;Três Lagoas;Três Lagoas;10206,37;101791;Grande;500630;5006309;MS;Paranaíba;Paranaíba;5402,78;40192;35754;4438;Pequeno II
5002703300926;5002704;500270;Região Centro-Oeste;MS;Campo Grande;Campo Grande;8096,05;786797;Grande;500635;5006358;MS;Paranhos;Paranhos;1302,14;12350;6263;6087;Pequeno I
5002703300926;5002704;500270;Região Centro-Oeste;MS;Campo Grande;Campo Grande;8096,05;786797;Grande;500640;5006408;MS;Pedro Gomes;Pedro Gomes;3651,17;7967;6148;1819;Pequeno I
5002703300926;5002704;500270;Região Centro-Oeste;MS;Campo Grande;Campo Grande;8096,05;786797;Grande;500660;5006606;MS;Ponta Porã;Ponta Porã;5328,62;77872;62067;15805;Médio
5002703303505;5002704;500270;Região Centro-Oeste;MS;Campo Grande;Campo Grande;8096,05;786797;Grande;500660;5006606;MS;Ponta Porã;Ponta Porã;5328,62;77872;62067;15805;Médio
5002703300926;5002704;500270;Região Centro-Oeste;MS;Campo Grande;Campo Grande;8096,05;786797;Grande;500690;5006903;MS;Porto Murtinho;Porto Murtinho;17734,93;15372;10059;5313;Pequeno I
5002703303505;5002704;500270;Região Centro-Oeste;MS;Campo Grande;Campo Grande;8096,05;786797;Grande;500690;5006903;MS;Porto Murtinho;Porto Murtinho;17734,93;15372;10059;5313;Pequeno I
5002703300926;5002704;500270;Região Centro-Oeste;MS;Campo Grande;Campo Grande;8096,05;786797;Grande;500710;5007109;MS;Ribas do Rio Pardo;Ribas do Rio Pardo;17308,72;20946;12965;7981;Pequeno II
5002703303505;5002704;500270;Região Centro-Oeste;MS;Campo Grande;Campo Grande;8096,05;786797;Grande;500710;5007109;MS;Ribas do Rio Pardo;Ribas do Rio Pardo;17308,72;20946;12965;7981;Pequeno II
5002703300926;5002704;500270;Região Centro-Oeste;MS;Campo Grande;Campo Grande;8096,05;786797;Grande;500720;5007208;MS;Rio Brilhante;Rio Brilhante;3987,53;30663;24557;6106;Pequeno II
5002703300926;5002704;500270;Região Centro-Oeste;MS;Campo Grande;Campo Grande;8096,05;786797;Grande;500730;5007307;MS;Rio Negro;Rio Negro;1807,67;5036;3665;1371;Pequeno I
5003703305888;5003702;500370;Região Centro-Oeste;MS;Dourados;Dourados;4086,39;196035;Grande;500730;5007307;MS;Rio Negro;Rio Negro;1807,67;5036;3665;1371;Pequeno I
5002703300926;5002704;500270;Região Centro-Oeste;MS;Campo Grande;Campo Grande;8096,05;786797;Grande;500740;5007406;MS;Rio Verde de Mato Grosso;Rio Verde de Mato Grosso;8151,98;18890;16297;2593;Pequeno I
5002703300926;5002704;500270;Região Centro-Oeste;MS;Campo Grande;Campo Grande;8096,05;786797;Grande;500750;5007505;MS;Rochedo;Rochedo;1560,65;4928;2889;2039;Pequeno I
5002703300926;5002704;500270;Região Centro-Oeste;MS;Campo Grande;Campo Grande;8096,05;786797;Grande;500755;5007554;MS;Santa Rita do Pardo;Santa Rita do Pardo;6141,62;7259;3522;3737;Pequeno I
5008303305887;5008305;500830;Região Centro-Oeste;MS;Três Lagoas;Três Lagoas;10206,37;101791;Grande;500755;5007554;MS;Santa Rita do Pardo;Santa Rita do Pardo;6141,62;7259;3522;3737;Pequeno I
5002703300926;5002704;500270;Região Centro-Oeste;MS;Campo Grande;Campo Grande;8096,05;786797;Grande;500769;5007695;MS;São Gabriel do Oeste;São Gabriel do Oeste;3864,86;22203;19300;2903;Pequeno II
5002703300926;5002704;500270;Região Centro-Oeste;MS;Campo Grande;Campo Grande;8096,05;786797;Grande;500770;5007703;MS;Sete Quedas;Sete Quedas;825,93;10780;8974;1806;Pequeno I
5002703300926;5002704;500270;Região Centro-Oeste;MS;Campo Grande;Campo Grande;8096,05;786797;Grande;500780;5007802;MS;Selvíria;Selvíria;3258,65;6287;4772;1515;Pequeno I
5008303305887;5008305;500830;Região Centro-Oeste;MS;Três Lagoas;Três Lagoas;10206,37;101791;Grande;500780;5007802;MS;Selvíria;Selvíria;3258,65;6287;4772;1515;Pequeno I
5002703300926;5002704;500270;Região Centro-Oeste;MS;Campo Grande;Campo Grande;8096,05;786797;Grande;500790;5007901;MS;Sidrolândia;Sidrolândia;5286,49;42132;27783;14349;Pequeno II
5002703300926;5002704;500270;Região Centro-Oeste;MS;Campo Grande;Campo Grande;8096,05;786797;Grande;500793;5007935;MS;Sonora;Sonora;4075,44;14833;13401;1432;Pequeno I
5002703300926;5002704;500270;Região Centro-Oeste;MS;Campo Grande;Campo Grande;8096,05;786797;Grande;500795;5007950;MS;Tacuru;Tacuru;1785,32;10215;3767;6448;Pequeno I
5002703300926;5002704;500270;Região Centro-Oeste;MS;Campo Grande;Campo Grande;8096,05;786797;Grande;500797;5007976;MS;Taquarussu;Taquarussu;1041,12;3518;2454;1064;Pequeno I
5002703300926;5002704;500270;Região Centro-Oeste;MS;Campo Grande;Campo Grande;8096,05;786797;Grande;500800;5008008;MS;Terenos;Terenos;2841,24;17146;7275;9871;Pequeno I
5002703300926;5002704;500270;Região Centro-Oeste;MS;Campo Grande;Campo Grande;8096,05;786797;Grande;500830;5008305;MS;Três Lagoas;Três Lagoas;10206,37;101791;97069;4722;Grande
5002703300926;5002704;500270;Região Centro-Oeste;MS;Campo Grande;Campo Grande;8096,05;786797;Grande;500840;5008404;MS;Vicentina;Vicentina;310,22;5901;4243;1658;Pequeno I
