UF;IBGE;Região;Pop_Total2010;Quant_municipios;ident_1;ident_2;ident_3;ident_4;ident_5;ident_6;ident_7;ident_8;munic;ident_9;ident_11;ident_12;ident_13;q1;q1_0;q2;q3;q4;q5;q6a_1;q6a_2;q6a_3;q6a_0;q6b_1;q6b_2;q6b_3;q6b_0;q6c_1;q6c_2;q6c_3;q6c_0;q6d_1;q6d_2;q6d_3;q6d_0;q6e_1;q6e_2;q6e_3;q6e_0;q6f_1;q6f_2;q6f_3;q6f_0;q6g_1;q6g_2;q6g_3;q6g_0;q6h_1;q6h_2;q6h_3;q6h_0;q6i_1;q6i_2;q6i_3;q6i_0;q6j_1;q6j_2;q6j_3;q6j_0;q6l_1;q6l_2;q6l_3;q6l_0;q6m_1;q6m_2;q6m_3;q6m_0;q6n_1;q6n_2;q6n_3;q6n_0;q6o_1;q6o_2;q6o_3;q6o_0;q6p_1;q6p_2;q6p_3;q6p_0;q6q_1;q6q_2;q6q_3;q6q_0;q6r_1;q6r_2;q6r_3;q6r_0;q6s_1;q6s_2;q6s_3;q6s_0;q6t_1;q6t_2;q6t_3;q6t_0;q7;q8;q9;q10;q11a;q11b;q11c;q11d;q11e;q11f;q11g;q11h;q11i;q11j;q11l;q11m;q12a;q12b;q12c;q12d;q12e;q12f;q13a;q13b;q13c;q13d;q14a;q14b;q14c;q14d;q14e;q14f;q14g;q14h;q14i;q14j;q14l;q14m;q14n;q14o;q14p;q15a;q15b;q15c;q15d;q16;q17_1;q17_2;q18;q19;q20;q21_1;q21_2;q22;q23;q24;q25a;q25b;q25c;q25d;q25e;q25f;q25g;q25h;q26;q27;q28;q29a;q29b;q29c;q29d;q29e;q29f;q29g;q29h;q29i;q29j;q29l;q29m;q29n;q29o;q29p;q29q;q29r;q29s;q29t;q29u;q29v;q29x;q30;q31;q32;q33;q34;q35;q36;q37;q38;q39;q40;q41;q42;q43a;q43b;q43c;q43d;q43e;q43f;q44;q45a;q45b;q45c;q46;q47;q48a;q48b;q48c;q48d;q48e;q48e_qual;q49;q50a;q50b;q50c;q50d;q50e;q50e_qual;q51;q52;q53;q54;q55;q56a;q56b;q56c;q57a;q57b;q57c;q57d;q57e;q57f;q57g;q57h;q57i;q57i_qual;q58a;q58b;q58c;q58d;q58e;q58f;q58g;q58g_qual;q59;q60a;q60b;q60c;q60d;q60e;q60f;q60g;q60h;q60i;q60i_qual;q61_1;q61_2;q62_1;q62_2;responsavel_3;responsavel_4;D1;D3;D5;D12_exclusivas;D12_exclusivas_categoria;D12_compartilhadas;D12_compartilhadas_categoria;D12_total_salas;D12_total_salas_categoria;q15_total;q15_total_net;D15_total;D15_total_net;D21_horas_por_semana_categoria;D23;D61_1;D61_2;D63_5bin1_sum;D63_5bin2_sum;D63_5bin3_sum;D63_5bin4_sum;D63_5bin1_TIT_sum;D63_5bin1_SUPL_sum;D63_5bin2_TIT_sum;D63_5bin2_SUPL_sum;D63_5bin3_TIT_sum;D63_5bin3_SUPL_sum;D63_5bin4_TIT_sum;D63_5bin4_SUPL_sum;nu_conselheiros
RO;RO;Norte;1562409;52;CONSELHO ESTADUAL DE ASSISTÊNCIA SOCIAL;    Rua;ÁLVARO MAIA;1409; ;OLARIA;Sub-esquina com a Rua Tenreiro Aranha.;76801-270;PORTO VELHO;RO;(69) 3216-7387; ;(69) 3216-7387;1995; ;Não; ;Sim;2014;Sim;Sim;Não;Não;Sim;Sim;Sim;Não;Não;Sim;Sim;Não;Não;Sim;Sim;Não;Sim;Sim;Não;Não;Sim;Sim;Não;Não;Sim;Sim;Não;Não;Sim;Sim;Não;Não;Sim;Sim;Não;Não;Sim;Sim;Não;Não;Não;Não;Não;Sim;Não;Sim;Não;Não;Não;Sim;Não;Não;Não;Sim;Não;Não;Não;Sim;Sim;Não;Sim;Sim;Sim;Não;Sim;Sim;Não;Não;Não;Sim;Sim;Não;Não;Não;Sim;Não;Sim;Sim;Sim;Sim;Não;Não;Não;Não;Sim;Não;Não;Não;Não;Não;Sim;Não;2;0;0;1;2;Sim;Sim, mas não estão de acordo com a Norma da ABNT;Sim, mas não estão de acordo com a Norma da ABNT;Sim, mas não estão de acordo com a Norma da ABNT;Não possui;Sim;Sim;Sim;Não;Não;Não;Não;Sim;Sim;Não;Sim;Sim;Sim;Não;Sim;2;2;1;1;Sim;1;0;Sim;Sim;Pós-graduação Completa;5 dias por semana;6 horas por dia;Sim;15;Todas as reuniões são registradas em ata;Não;Sim;Não;Não;Não;Não;Não;Não;Todas as deliberações ou resoluções são publicadas;Sim;Sim;Sim;Sim;Sim;Sim;Sim;Sim;Sim;Sim;Sim;Sim;Sim;Sim;Sim;Sim;Sim;Sim;Sim;Sim;Sim;Sim;Sim;Sim;O Conselho conhece e acompanha as metas do pacto de aprimoramento;Sim;Sim, a rede socioassistencial pública e privada do SUAS;Ambas as formas;Sim;Quadrimensalmente;Sim;Sim;Não;Sim;Sim;Sim, com regularidade;Sim, com regularidade;Semestralmente;Semestralmente;Semestralmente;Semestralmente;Semestralmente;Semestralmente;8;Sim;Sim;Sim;Sim, por outros meios;Sim, alguns conselheiros;Não;Sim;Sim;Sim;Não; ;Sim, alguns conselheiros;Não;Não;Sim;Não;Sim;CGU, UFCE, UNIDERP, UNIFESP, SUPERA;2 anos;1 vez;Sim;Sim;Eleitos em assembléias instaladas especificamente para esse fim;Sim;Sim;Não;Sim;Sim;Sim;Não;Não;Não;Sim;Não;Sim;Seguridade Social, Segurança Pública, Agricultura e Assistência Técnica e Extensão Rural, Conselhos Municipais,;Não;Não;Sim;Sim;Não;Sim;Não; ;Sim;Sim;Sim;Sim;Sim;Não;Não;Não;Não;Sim; ;16;16;16;16;11/25/2015;Secretário Executivo;De 1995 a 1997; ;De 2009 a 2015;2;De 2 a 3 salas;1;1 sala;3;De 2 a 3 salas;3;3;3;3;De 30 a 39 horas/semana;De 10 a 15;De 16 a 20;De 16 a 20;3;5;2;9;1;2;2;3;2;0;3;6;19
AC;AC;Norte;733559;22;CONSELHO ESTADUAL DE ASSISTÊNCIA SOCIAL;    Avenida;Nações Unidas;2731; ;ESTAÇÃO EXPERIMENTAL;CASA DOS CONSELHOS;69918-172;RIO BRANCO;AC;(68) 3227-4269; ;(68) 3227-4269;1996; ;Sim;2001;Sim;2001;Sim;Sim;Não;Não;Sim;Sim;Não;Não;Não;Sim;Não;Não;Sim;Sim;Não;Não;Não;Sim;Não;Não;Não;Sim;Não;Não;Sim;Sim;Não;Não;Sim;Sim;Não;Não;Sim;Sim;Não;Não;Sim;Sim;Não;Não;Sim;Sim;Não;Não;Não;Sim;Não;Não;Não;Sim;Não;Não;Não;Sim;Não;Não;Não;Sim;Não;Não;Não;Sim;Não;Não;Não;Sim;Não;Não;Não;Sim;Não;Não;Não;Sim;Não;Não;Sim;Sim;Sim;Sim;Não;Não;Não;Não;Não;Não;Não;Não;Não;Não;Sim;Não;0;0;1;1;3;Não;Sim, de acordo com a Norma da ABNT;Sim, de acordo com a Norma da ABNT;Sim, de acordo com a Norma da ABNT;Sim, de acordo com a Norma da ABNT;Não;Sim;Sim;Não;Sim;Não;Sim;Sim;Sim;Não;Sim;Sim;Sim;Sim;Sim;1;1;7;4;Sim;1;3;Sim;Sim;Pós-graduação Completa;5 dias por semana;8 horas por dia;Sim;9;Todas as reuniões são registradas em ata;Não;Sim;Sim;Sim;Sim;Sim;Sim;Não;Todas as deliberações ou resoluções são publicadas;Sim;Sim;Sim;Sim;Sim;Sim;Sim;Sim;Sim;Sim;Sim;Sim;Sim;Sim;Sim;Sim;Não;Sim;Sim;Sim;Sim;Não;Sim;Não;O Conselho conhece e acompanha as metas do pacto de aprimoramento;Não;Sim, a rede socioassistencial pública e privada do SUAS;Ambas as formas;Sim;Semestralmente;Não;Sim;Não;Sim;Sim;Sim, com regularidade;Sim, com regularidade;Anualmente;Anualmente;Semestralmente;Anualmente;Trimestralmente;Nunca;0;Sim;Não;Não;Sim, por outros meios;Sim, alguns conselheiros;Não;Não;Sim;Não;Não; ;Sim, alguns conselheiros;Não;Não;Sim;Não;Não; ;2 anos;1 vez;Sim;Sim;Eleitos em assembléias instaladas especificamente para esse fim;Sim;Sim;Não;Sim;Sim;Sim;Sim;Sim;Sim;Sim;Não;Sim;UFAC, SEAPROF e COEGEMAS;Sim;Não;Sim;Não;Não;Não;Não; ;Sim;Sim;Não;Sim;Sim;Não;Sim;Não;Não;Não; ;20;20;10;10;11/10/2015;Secretário Executivo;De 1995 a 1997;De 1998 a 2004;De 1998 a 2004;0;Nenhuma sala;2;De 2 a 3 salas;2;De 2 a 3 salas;8;5;De 6 a 10;5;De 40 a 49 horas/semana;De 7 a 9;De 16 a 20;De 16 a 20;8;5;4;12;6;2;2;3;1;3;6;6;29
AM;AM;Norte;3483985;62;CONSELHO ESTADUAL DE ASSISTÊNCIA SOCIAL;    Avenida;Darcy Vargas;77; ;Chapada;Em frente ao Amazonas Shopping.;69050-020;MANAUS;AM;(92) 3659-5742; ;(92) 3659-5742;1995; ;Sim;2004;Sim;2014;Sim;Não;Não;Não;Sim;Sim;Não;Não;Não;Não;Não;Sim;Sim;Sim;Não;Não;Não;Sim;Não;Não;Não;Sim;Não;Não;Não;Sim;Não;Não;Não;Sim;Não;Não;Não;Sim;Não;Não;Não;Sim;Não;Não;Não;Não;Não;Sim;Sim;Sim;Não;Não;Não;Sim;Não;Não;Não;Sim;Não;Não;Não;Sim;Não;Não;Sim;Sim;Não;Não;Sim;Sim;Não;Não;Sim;Não;Não;Não;Sim;Sim;Não;Não;Sim;Sim;Não;Sim;Sim;Não;Não;Não;Não;Não;Não;Não;Não;Não;Sim;Não;1;0;0;1;2;Sim;Sim, de acordo com a Norma da ABNT;Sim, mas não estão de acordo com a Norma da ABNT;Não possui;Não possui;Sim;Sim;Sim;Sim;Não;Não;Sim;Sim;Sim;Sim;Não;Sim;Não;Sim;Sim;7;3;0;0;Sim;3;0;Sim;Sim;Pós-graduação Completa;5 dias por semana;8 horas por dia;Sim;17;Todas as reuniões são registradas em ata;Não;Sim;Sim;Não;Não;Não;Não;Não;Todas as deliberações ou resoluções são publicadas;Sim;Sim;Sim;Sim;Não;Não;Não;Sim;Sim;Não;Sim;Sim;Sim;Não;Não;Não;Não;Sim;Sim;Não;Não;Não;Não;Não;O Conselho conhece, mas não acompanha as metas do pacto de aprimoramento;Não;Sim, apenas a rede socioassistencial pública do SUAS;Por meio de análise de relatórios;Não, as fiscalizações são realizadas somente mediante denúncia;Anualmente;Sim;Sim;Não;Sim;Sim;Sim, com regularidade;Sim, com regularidade;Anualmente;Anualmente;Nunca;Anualmente;Semestralmente;Semestralmente;0;Não;Não;Não;Sim, por outros meios;Sim, alguns conselheiros;Não;Não;Sim;Não;Não; ;Não; ; ; ; ; ; ;2 anos;1 vez;Sim;Sim;Eleitos em assembléias instaladas especificamente para esse fim;Não;Sim;Não;Sim;Sim;Sim;Não;Não;Sim;Sim;Não;Sim;Pessoa com Deficiência, Segurança Pública, Sistema Penitenciário;Não;Não;Não;Não;Sim;Não;Sim;Associação de usuários;Sim;Sim;Sim;Sim;Sim;Não;Não;Não;Não;Sim; ;18;18;18;18;11/25/2015;Secretário Executivo;De 1995 a 1997;De 1998 a 2004;De 2009 a 2015;1;1 sala;1;1 sala;2;De 2 a 3 salas;7;3;De 6 a 10;3;De 40 a 49 horas/semana;Acima de 15;De 16 a 20;De 16 a 20;5;6;7;18;3;2;3;3;3;4;9;9;36
RR;RR;Norte;450479;15;CONSELHO ESTADUAL DE ASSISTÊNCIA SOCIAL;    Avenida;MARIO HOMEM DE MELO;2310;SALA 02;MECEJANA; ;69304-350;BOA VISTA;RR;(95) 2121-2663; ; ;1996; ;Não; ;Sim;2008;Sim;Sim;Não;Não;Sim;Sim;Não;Não;Sim;Sim;Não;Não;Sim;Sim;Não;Não;Não;Sim;Não;Não;Não;Sim;Não;Não;Não;Sim;Não;Não;Sim;Sim;Não;Não;Sim;Sim;Não;Não;Sim;Sim;Não;Não;Não;Não;Não;Sim;Sim;Sim;Não;Não;Não;Sim;Não;Não;Não;Sim;Não;Não;Não;Sim;Não;Não;Não;Sim;Não;Não;Sim;Sim;Não;Não;Não;Sim;Não;Não;Sim;Sim;Não;Não;Sim;Sim;Sim;Sim;Sim;Não;Não;Não;Não;Não;Não;Não;Não;Não;Sim;Não;1;0;0;1;3;Não;Sim, mas não estão de acordo com a Norma da ABNT;Sim, mas não estão de acordo com a Norma da ABNT;Sim, mas não estão de acordo com a Norma da ABNT;Sim, mas não estão de acordo com a Norma da ABNT;Sim;Não;Sim;Não;Sim;Sim;Não;Sim;Sim;Não;Sim;Não;Não;Não;Sim;3;3;0;0;Sim;2;0;Sim;Sim;Nível Superior Completo;5 dias por semana;6 horas por dia;Sim;30;Todas as reuniões são registradas em ata;Não;Sim;Não;Não;Não;Não;Não;Não;Todas as deliberações ou resoluções são publicadas;Não; ;Sim;Sim;Não;Não;Não;Sim;Não;Não;Não;Sim;Sim;Não;Sim;Não;Não;Sim;Sim;Não;Sim;Não;Sim;Não;O Conselho conhece, mas não acompanha as metas do pacto de aprimoramento;Não;Sim, apenas a rede socioassistencial pública do SUAS;Ambas as formas;Sim;Anualmente;Não;Não;Não;Sim;Não;Sim, sem regularidade;Sim, sem regularidade;Anualmente;Nunca;Anualmente;Nunca;Anualmente;Nunca;0;Não;Não;Não;Sim, por outros meios;Não; ; ; ; ; ; ;Não; ; ; ; ; ; ;2 anos;1 vez;Sim;Sim;Eleitos em assembléias instaladas especificamente para esse fim;Não;Sim;Não;Sim;Sim;Sim;Não;Não;Não;Sim;Não;Sim;SEGURANÇA PUBLICA;Sim;Sim;Não;Não;Não;Não;Não; ;Sim;Sim;Sim;Sim;Não;Não;Não;Não;Não;Sim; ;12;12;6;6;12/4/2015;Presidente do Conselho;De 1995 a 1997; ;De 2005 a 2008;1;1 sala;1;1 sala;2;De 2 a 3 salas;3;3;3;3;De 30 a 39 horas/semana;Acima de 15;De 10 a 15;De 10 a 15;1;6;0;8;1;0;4;2;0;0;5;3;15
PA;PA;Norte;7581051;144;CONSELHO ESTADUAL DE ASSISTÊNCIA SOCIAL;    Avenida;MARQUES DE HERVAL;2411; ;PEDREIRA;ESQUINA DA ALFERES COSTA;66085-314;BELEM;PA;(91) 3233-2471; ;(91) 3233-2471;1996; ;Não; ;Sim;2008;Sim;Sim;Não;Não;Sim;Sim;Não;Não;Sim;Sim;Não;Não;Sim;Sim;Não;Não;Sim;Sim;Não;Não;Sim;Sim;Não;Não;Não;Sim;Não;Não;Não;Sim;Não;Não;Não;Não;Sim;Não;Não;Não;Sim;Não;Sim;Sim;Sim;Não;Sim;Sim;Sim;Não;Não;Sim;Não;Não;Não;Sim;Sim;Não;Não;Sim;Não;Não;Não;Sim;Não;Não;Não;Sim;Não;Não;Não;Não;Sim;Não;Não;Não;Sim;Não;Sim;Sim;Sim;Sim;Não;Não;Não;Não;Não;Não;Não;Não;Não;Não;Sim;Não;3;1;3;1;3;Sim;Sim, mas não estão de acordo com a Norma da ABNT;Não possui;Não possui;Não possui;Sim;Não;Sim;Sim;Não;Não;Sim;Sim;Sim;Não;Não;Não;Não;Sim;Sim;3;3;2;2;Sim;4;4;Sim;Sim;Nível Médio Completo;5 dias por semana;8 horas por dia;Sim;16;Todas as reuniões são registradas em ata;Não;Sim;Não;Não;Não;Não;Não;Não;Todas as deliberações ou resoluções são publicadas;Sim;Sim;Sim;Sim;Sim;Sim;Sim;Sim;Sim;Não;Não;Sim;Sim;Sim;Sim;Sim;Não;Sim;Sim;Sim;Sim;Não;Não;Não;O Conselho conhece, mas não acompanha as metas do pacto de aprimoramento;Sim;Sim, apenas a rede socioassistencial pública do SUAS;Ambas as formas;Não, as fiscalizações são realizadas somente mediante denúncia;Quadrimensalmente;Sim;Sim;Sim;Sim;Sim;Sim, com regularidade;Sim, com regularidade;Semestralmente;Anualmente;Anualmente;Anualmente;Semestralmente;Anualmente;0;Não;Sim;Não;Sim, através de relatórios de gestão;Não; ; ; ; ; ; ;Sim, alguns conselheiros;Não;Sim;Sim;Não;Não; ;2 anos;2 vezes;Sim;Sim;Eleitos em assembléias instaladas especificamente para esse fim;Sim;Sim;Não;Sim;Sim;Sim;Sim;Não;Sim;Sim;Não;Sim;direito e justiça, atendimento socioeducativo/SINASE, Agricultura e Cultura;Sim;Sim;Sim;Não;Sim;Sim;Não; ;Sim;Não;Sim;Sim;Sim;Não;Não;Não;Sim;Não;controle,articulação e mobilização institucional e social, gestão da palítica de assistência Social;18;18;9;9;11/27/2015;Presidente do Conselho;De 1995 a 1997; ;De 2005 a 2008;4;De 4 a 5 salas;4;De 4 a 5 salas;8;8 ou mais salas;5;5;5;5;De 40 a 49 horas/semana;Acima de 15;De 16 a 20;De 16 a 20;2;3;2;15;2;0;1;2;1;1;8;7;22
AP;AP;Norte;669526;16;CONSELHO ESTADUAL DE ASSISTÊNCIA SOCIAL;    Avenida;Raimundo Álvares da Costa;0;Central de Conselhos do Amapá;Central; ;68900-074;MACAPA;AP;(96) 3212-9143; ;(96) 3212-9145;1995; ;Não; ;Sim;2005;Sim;Sim;Sim;Não;Sim;Sim;Sim;Não;Não;Sim;Não;Não;Sim;Sim;Não;Não;Não;Sim;Não;Não;Não;Sim;Não;Não;Não;Sim;Não;Não;Sim;Sim;Não;Não;Sim;Sim;Não;Não;Sim;Sim;Não;Não;Não;Não;Não;Sim;Não;Sim;Não;Não;Não;Sim;Sim;Não;Não;Sim;Não;Não;Não;Sim;Não;Não;Sim;Sim;Sim;Não;Sim;Sim;Sim;Não;Não;Sim;Não;Não;Não;Sim;Não;Não;Sim;Sim;Sim;Sim;Não;Não;Não;Não;Não;Não;Não;Não;Não;Não;Sim;Não;1;0;6;0;1;Sim;Sim, de acordo com a Norma da ABNT;Sim, de acordo com a Norma da ABNT;Sim, de acordo com a Norma da ABNT;Sim, mas não estão de acordo com a Norma da ABNT;Não;Não;Sim;Não;Não;Não;Não;Sim;Não;Não;Sim;Sim;Sim;Não;Sim;1;1;7;7;Sim;3;0;Sim;Sim;Pós-graduação Completa;5 dias por semana;8 horas por dia;Sim;17;Todas as reuniões são registradas em ata;Não;Não;Sim;Não;Não;Não;Não;Não;Todas as deliberações ou resoluções são publicadas;Sim;Não;Sim;Sim;Sim;Sim;Não;Sim;Sim;Não;Não;Não;Sim;Sim;Não;Não;Não;Sim;Sim;Não;Não;Não;Sim;Não;O Conselho conhece e acompanha as metas do pacto de aprimoramento;Não;Sim, apenas a rede socioassistencial pública do SUAS;Por meio de análise de relatórios;Sim;Sem frequência definida;Sim;Sim;Sim;Sim;Não;Sim, sem regularidade;Sim, sem regularidade;Anualmente;Anualmente;Mensalmente;Nunca;Nunca;Nunca;0;Não;Não;Não;Sim, através de relatórios de gestão;Sim, alguns conselheiros;Não;Não;Não;Não;Sim;CEAS, CNAS, GESTÃO ESTADUAL;Sim, alguns conselheiros;Não;Não;Sim;Não;Não; ;2 anos;1 vez;Sim;Sim;Eleitos em assembléias instaladas especificamente para esse fim;Não;Sim;Não;Sim;Sim;Sim;Sim;Não;Não;Sim;Não;Sim;DEFENSORIA PÚBLICA ESTADUAL DO AMAPÁ, CORPO DE BOMBEIRO, FUNDAÇÃO DA CRIANÇA E DO ADOLESCENTE;Sim;Sim;Sim;Sim;Não;Não;Não; ;Sim;Sim;Sim;Sim;Sim;Não;Não;Não;Não;Não; ;16;16;8;8;11/27/2015;Secretário Executivo;De 1995 a 1997; ;De 2005 a 2008;1;1 sala;6;De 6 a 7 salas;7;De 6 a 7 salas;8;8;De 6 a 10;De 6 a 10;De 40 a 49 horas/semana;Acima de 15;De 16 a 20;De 16 a 20;0;5;2;14;0;0;2;3;1;1;7;7;21
TO;TO;Norte;1383445;139;CONSELHO ESTADUAL DE ASSISTÊNCIA SOCIAL;    Quadra;103 NORTE, RUA NO 11 CONJUNTO 4;32; ;CENTRO; ;77006-310;PALMAS;TO;(63) 3218-1938; ;(63) 3218-2204;1993; ;Sim;2009;Sim;2012;Sim;Sim;Não;Não;Sim;Sim;Não;Não;Sim;Sim;Não;Não;Sim;Sim;Não;Não;Não;Sim;Não;Não;Não;Sim;Não;Não;Não;Sim;Não;Não;Sim;Sim;Não;Não;Sim;Sim;Não;Não;Sim;Sim;Não;Não;Sim;Sim;Não;Não;Sim;Sim;Não;Não;Não;Sim;Não;Não;Não;Sim;Não;Não;Não;Sim;Não;Não;Não;Não;Não;Sim;Não;Sim;Não;Não;Não;Não;Não;Sim;Não;Não;Não;Sim;Sim;Sim;Sim;Sim;Não;Não;Não;Não;Não;Não;Não;Não;Não;Não;Sim;Não;0;0;0;1;2;Não;Sim, mas não estão de acordo com a Norma da ABNT;Sim, mas não estão de acordo com a Norma da ABNT;Sim, mas não estão de acordo com a Norma da ABNT;Não possui;Não;Sim;Sim;Não;Não;Não;Não;Sim;Não;Não;Não;Não;Sim;Não;Sim;2;2;0;0;Sim;1;1;Sim;Sim;Nível Superior Completo;5 dias por semana;8 horas por dia;Sim;13;Todas as reuniões são registradas em ata;Não;Sim;Sim;Não;Não;Não;Não;Não;Todas as deliberações ou resoluções são publicadas;Sim;Sim;Sim;Sim;Sim;Não;Não;Sim;Sim;Não;Sim;Sim;Sim;Não;Sim;Sim;Não;Sim;Sim;Sim;Sim;Não;Sim;Sim;O Conselho conhece e acompanha as metas do pacto de aprimoramento;Não;Não fiscaliza; ; ;Trimensalmente;Sim;Não;Sim;Sim;Sim;Sim, com regularidade;Sim, com regularidade;Anualmente;Anualmente;Nunca;Anualmente;Anualmente;Nunca;0;Não;Não;Não;Sim, através de relatórios de gestão;Não; ; ; ; ; ; ;Não; ; ; ; ; ; ;2 anos;1 vez;Sim;Sim;Eleitos em assembléias instaladas especificamente para esse fim;Não;Sim;Não;Sim;Sim;Sim;Não;Não;Sim;Sim;Não;Sim;COEGEMAS;Não;Não;Não;Não;Não;Não;Sim;CONFEDERAÇÃO DAS APAE'S;Sim;Sim;Sim;Sim;Sim;Não;Sim;Não;Não;Não; ;12;12;6;6;11/26/2015;Vice-Presidente do Conselho;Até 1994;De 2009 a 2015;De 2009 a 2015;0;Nenhuma sala;1;1 sala;1; 1 sala;2;2;2;2;De 40 a 49 horas/semana;De 10 a 15;De 10 a 15;De 10 a 15;4;4;4;11;2;2;2;2;2;2;6;5;23
MA;MA;Nordeste;6574789;217;CONSELHO ESTADUAL DE ASSISTÊNCIA SOCIAL;    Rua;Rua Cento e Cinco;0; ;Vinhais;Ao lado da Unidade de Pronto Atendimento - UPA do Vinhais;65070-000;SAO LUIS;MA;(98) 99184-0998; ; ;1995; ;Não; ;Sim;1998;Sim;Sim;Não;Não;Não;Sim;Não;Não;Sim;Sim;Não;Não;Não;Não;Não;Sim;Não;Sim;Não;Não;Não;Sim;Não;Não;Não;Sim;Não;Não;Sim;Não;Não;Não;Sim;Não;Não;Não;Sim;Não;Não;Não;Não;Não;Não;Sim;Não;Não;Não;Sim;Não;Sim;Não;Não;Não;Sim;Não;Não;Não;Sim;Não;Não;Não;Não;Não;Sim;Sim;Não;Não;Não;Sim;Não;Não;Não;Não;Não;Não;Sim;Sim;Sim;Sim;Sim;Não;Não;Não;Não;Não;Não;Não;Sim;Sim;Não;Não;Sim;6;1;0;1;4;Sim;Sim, de acordo com a Norma da ABNT;Sim, de acordo com a Norma da ABNT;Sim, de acordo com a Norma da ABNT;Sim, de acordo com a Norma da ABNT;Sim;Não;Sim;Não;Sim;Não;Não;Sim;Não;Sim;Não;Sim;Sim;Não;Sim;5;2;0;0;Sim;6;6;Sim;Não;Nível Superior Completo;5 dias por semana;8 horas por dia;Sim;16;Todas as reuniões são registradas em ata;Sim;Não;Não;Não;Não;Não;Não;Não;Todas as deliberações ou resoluções são publicadas;Não; ;Sim;Sim;Não;Não;Não;Sim;Não;Não;Não;Não;Não;Não;Não;Não;Não;Sim;Sim;Não;Não;Não;Não;Não;O Conselho conhece, mas não acompanha as metas do pacto de aprimoramento;Sim;Não fiscaliza; ; ;Anualmente;Não;Não;Sim;Sim;Não;Sim, com regularidade;Sim, com regularidade;Anualmente;Nunca;Nunca;Nunca;Trimestralmente;Nunca;0;Não;Não;Não;Não acompanha;Sim, alguns conselheiros;Não;Sim;Sim;Não;Não; ;Não; ; ; ; ; ; ;2 anos;1 vez;Sim;Sim;Eleitos em assembléias instaladas especificamente para esse fim;Não;Sim;Não;Sim;Sim;Sim;Não;Não;Não;Sim;Não;Sim;Cultura, SAGRIMA, Cidades, Fundação da Criança e do Adolescente - FUNAC e representação dos munucípios que agluitina os prefeitos - FAMEN;Não;Não;Não;Não;Não;Não;Sim;Sindicato dos Aposentados, Asilo de Mendicidade e Pastoral da Criança;Sim;Sim;Sim;Sim;Sim;Não;Não;Não;Não;Não; ;18;18;9;9;11/25/2015;Presidente do Conselho;De 1995 a 1997; ;De 1998 a 2004;7;De 6 a 7 salas;1;1 sala;8;8 ou mais salas;5;2;5;2;De 40 a 49 horas/semana;Acima de 15;De 16 a 20;De 16 a 20;8;4;1;11;5;3;3;1;1;0;6;5;24
PI;PI;Nordeste;3118360;224;CONSELHO ESTADUAL DE ASSISTÊNCIA SOCIAL;    Avenida;AV. PINEL;620; ;CABRAL;IGREJA DO BAIRRO CABRAL;64000-650;TERESINA;PI;(86) 3221-6681; ;(86) 3221-6681;1995; ;Não; ;Sim;2011;Sim;Sim;Não;Não;Sim;Sim;Não;Não;Sim;Sim;Não;Não;Não;Sim;Não;Não;Sim;Sim;Não;Não;Sim;Sim;Não;Não;Sim;Sim;Não;Não;Sim;Sim;Não;Não;Não;Sim;Não;Não;Não;Sim;Não;Não;Não;Sim;Não;Não;Não;Sim;Não;Não;Sim;Sim;Não;Não;Sim;Sim;Não;Não;Não;Sim;Não;Não;Sim;Sim;Não;Não;Sim;Sim;Não;Não;Sim;Sim;Não;Não;Não;Não;Sim;Não;Sim;Sim;Sim;Sim;Não;Não;Não;Não;Não;Não;Não;Não;Não;Não;Sim;Não;1;1;1;1;2;Sim;Sim, de acordo com a Norma da ABNT;Sim, de acordo com a Norma da ABNT;Sim, de acordo com a Norma da ABNT;Sim, mas não estão de acordo com a Norma da ABNT;Sim;Não;Sim;Não;Não;Não;Não;Não;Não;Não;Sim;Sim;Não;Não;Sim;2;1;1;0;Sim;2;0;Não; ; ;5 dias por semana;6 horas por dia;Sim;11;Todas as reuniões são registradas em ata;Não;Sim;Sim;Não;Não;Não;Não;Não;Todas as deliberações ou resoluções são publicadas;Sim;Não;Não;Sim;Sim;Sim;Sim;Não;Sim;Sim;Sim;Sim;Sim;Sim;Não;Não;Sim;Sim;Sim;Sim;Não;Não;Sim;Não;O Conselho conhece e acompanha as metas do pacto de aprimoramento;Sim;Sim, apenas a rede socioassistencial pública do SUAS;Por meio de análise de relatórios;Não, as fiscalizações são realizadas somente mediante denúncia;Anualmente;Não;Sim;Sim;Sim;Sim;Sim, com regularidade;Sim, com regularidade;Anualmente;Anualmente;Anualmente;Anualmente;Anualmente;Anualmente;0;Sim;Sim;Sim;Sim, por meio de comissão específica constituída para tal fim;Sim, alguns conselheiros;Não;Sim;Não;Não;Não; ;Sim, alguns conselheiros;Não;Não;Sim;Não;Não; ;2 anos;1 vez;Sim;Sim;Eleitos em assembléias instaladas especificamente para esse fim;Sim;Não;Não;Sim;Sim;Sim;Sim;Sim;Sim;Sim;Não;Não; ;Sim;Sim;Sim;Sim;Sim;Não;Não; ;Sim;Sim;Sim;Sim;Sim;Não;Não;Não;Não;Não; ;18;15;9;9;11/20/2015;Outro Funcionário do Conselho;De 1995 a 1997; ;De 2009 a 2015;2;De 2 a 3 salas;2;De 2 a 3 salas;4;De 4 a 5 salas;3;1;3;1;De 30 a 39 horas/semana;De 10 a 15;De 16 a 20;De 10 a 15;1;0;0;5;0;1;0;0;0;0;5;0;6
CE;CE;Nordeste;8452381;184;CONSELHO ESTADUAL DE ASSISTÊNCIA SOCIAL;    Rua;Nunes Valente;2138; ;Dionísio Torres;Esquina com a Rua Padre Valdevino;60125-071;FORTALEZA;CE;(85) 3101-3007; ;(85) 3101-1562;1995; ;Sim;2014;Sim;2014;Sim;Sim;Não;Não;Sim;Sim;Não;Não;Sim;Sim;Não;Não;Sim;Sim;Não;Não;Sim;Sim;Não;Não;Sim;Sim;Não;Não;Sim;Sim;Não;Não;Sim;Sim;Não;Não;Sim;Sim;Não;Não;Sim;Sim;Não;Não;Não;Não;Sim;Não;Sim;Sim;Não;Não;Sim;Sim;Não;Não;Sim;Sim;Não;Não;Sim;Sim;Não;Não;Sim;Sim;Não;Não;Sim;Sim;Não;Não;Sim;Sim;Não;Não;Sim;Sim;Não;Não;Sim;Sim;Sim;Sim;Não;Não;Não;Não;Não;Não;Não;Não;Não;Não;Sim;Não;1;3;2;2;4;Sim;Sim, de acordo com a Norma da ABNT;Sim, de acordo com a Norma da ABNT;Sim, mas não estão de acordo com a Norma da ABNT;Sim, mas não estão de acordo com a Norma da ABNT;Sim;Sim;Sim;Sim;Sim;Sim;Sim;Sim;Sim;Sim;Sim;Sim;Sim;Não;Sim;5;4;2;1;Sim;5;4;Sim;Sim;Pós-graduação Completa;5 dias por semana;9 horas por dia;Sim;14;Todas as reuniões são registradas em ata;Não;Sim;Sim;Sim;Sim;Sim;Sim;Sim;Todas as deliberações ou resoluções são publicadas;Sim;Sim;Sim;Sim;Sim;Sim;Sim;Sim;Sim;Sim;Sim;Sim;Sim;Sim;Sim;Sim;Sim;Sim;Sim;Sim;Sim;Sim;Sim;Sim;O Conselho conhece e acompanha as metas do pacto de aprimoramento;Sim;Sim, a rede socioassistencial pública e privada do SUAS;Ambas as formas;Sim;Mensalmente;Sim;Sim;Sim;Sim;Sim;Sim, com regularidade;Sim, com regularidade;Trimestralmente;Trimestralmente;Semestralmente;Mensalmente;Semestralmente;Mensalmente;0;Não;Sim;Sim;Sim, através de relatórios de gestão;Sim, todos os conselheiros;Não;Sim;Não;Não;Não; ;Sim, alguns conselheiros;Não;Não;Não;Sim;Não; ;2 anos;2 vezes;Sim;Sim;Eleitos em assembléias instaladas especificamente para esse fim;Sim;Não;Não;Sim;Sim;Sim;Sim;Sim;Sim;Sim;Não;Sim;Secretaria de Ciência, Tecnologia e Educação Superior - SECITECE, Secretaria de Segurança Pública e Defesa Social - SSPDS;Sim;Sim;Sim;Não;Não;Não;Não; ;Sim;Sim;Sim;Sim;Sim;Sim;Sim;Sim;Não;Sim; ;18;18;9;9;10/21/2015;Secretário Executivo;De 1995 a 1997;De 2009 a 2015;De 2009 a 2015;4;De 4 a 5 salas;4;De 4 a 5 salas;8;8 ou mais salas;7;5;De 6 a 10;5;De 40 a 49 horas/semana;De 10 a 15;De 16 a 20;De 16 a 20;6;6;6;17;3;3;3;3;3;3;8;9;35
RN;RN;Nordeste;3168027;167;CONSELHO ESTADUAL DE ASSISTÊNCIA SOCIAL;    Avenida;CAMPOS SALES;481; ;PETRÓPOLIS; ;59020-300;NATAL;RN;(84) 3232-4540; ; ;1995; ;Não; ;Não; ;Não;Sim;Não;Não;Não;Sim;Sim;Não;Não;Não;Sim;Não;Não;Sim;Não;Não;Não;Sim;Não;Não;Não;Sim;Não;Não;Não;Sim;Não;Não;Não;Sim;Sim;Não;Não;Sim;Sim;Não;Não;Sim;Sim;Não;Não;Sim;Sim;Não;Não;Sim;Não;Não;Não;Sim;Sim;Não;Não;Sim;Sim;Não;Não;Sim;Não;Não;Não;Sim;Não;Não;Não;Sim;Não;Não;Não;Sim;Não;Não;Não;Sim;Não;Não;Sim;Sim;Sim;Sim;Não;Não;Não;Não;Não;Não;Não;Não;Não;Não;Sim;Não;5;2;1;2;5;Sim;Sim, de acordo com a Norma da ABNT;Sim, de acordo com a Norma da ABNT;Sim, de acordo com a Norma da ABNT;Sim, de acordo com a Norma da ABNT;Não;Sim;Sim;Não;Não;Não;Não;Não;Não;Sim;Não;Não;Não;Não;Sim;2;1;2;1;Sim;1;1;Não; ; ;5 dias por semana;8 horas por dia;Sim;17;Todas as reuniões são registradas em ata;Não;Sim;Não;Não;Não;Não;Não;Não;Todas as deliberações ou resoluções são publicadas;Sim;Sim;Sim;Sim;Sim;Sim;Sim;Sim;Sim;Sim;Não;Sim;Sim;Não;Não;Não;Sim;Não;Sim;Não;Sim;Sim;Não;Sim;O Conselho conhece e acompanha as metas do pacto de aprimoramento;Sim;Não fiscaliza; ; ;Sem frequência definida;Sim;Sim;Sim;Sim;Não;Sim, com regularidade;Sim, sem regularidade;Anualmente;Semestralmente;Semestralmente;Nunca;Anualmente;Nunca;3;Não;Não;Não;Sim, por meio de comissão específica constituída para tal fim;Sim, alguns conselheiros;Não;Sim;Não;Não;Não; ;Sim, alguns conselheiros;Não;Sim;Não;Não;Não; ;2 anos;1 vez;Sim;Sim;Eleitos em assembléias instaladas especificamente para esse fim;Sim;Não;Não;Sim;Sim;Sim;Não;Não;Não;Sim;Não;Não; ;Não;Não;Sim;Não;Não;Sim;Não; ;Sim;Não;Sim;Sim;Sim;Não;Não;Não;Sim;Sim;Comissão de acompanhamento as deliberações das conferencias;16;16;16;16;11/20/2015;Presidente do Conselho;De 1995 a 1997; ; ;7;De 6 a 7 salas;3;De 2 a 3 salas;10;8 ou mais salas;4;2;4;2;De 40 a 49 horas/semana;Acima de 15;De 16 a 20;De 16 a 20;3;7;2;11;2;1;3;4;1;1;6;5;23
PB;PB;Nordeste;3766528;223;CONSELHO ESTADUAL DE ASSISTÊNCIA SOCIAL;    Praça;DOM ADAUTO;58;CASA DOS CONSELHOS;CENTRO;EM FRENTE A PRAÇA DO BISPO.;58010-670;JOAO PESSOA;PB;(83) 3221-2118;0;(83) 3221-2941;1995; ;Sim;2015;Sim;2014;Sim;Sim;Não;Não;Sim;Sim;Não;Não;Sim;Sim;Não;Não;Sim;Sim;Não;Não;Não;Sim;Não;Não;Não;Sim;Não;Não;Não;Sim;Não;Não;Sim;Sim;Não;Não;Sim;Sim;Não;Não;Sim;Sim;Não;Não;Não;Sim;Não;Não;Não;Sim;Não;Não;Não;Sim;Não;Não;Não;Sim;Não;Não;Não;Sim;Não;Não;Não;Sim;Não;Não;Não;Sim;Não;Não;Não;Sim;Não;Não;Não;Sim;Não;Não;Sim;Sim;Sim;Sim;Não;Não;Não;Não;Não;Não;Não;Não;Não;Não;Sim;Não;1;0;1;1;4;Sim;Sim, mas não estão de acordo com a Norma da ABNT;Sim, mas não estão de acordo com a Norma da ABNT;Sim, mas não estão de acordo com a Norma da ABNT;Sim, mas não estão de acordo com a Norma da ABNT;Sim;Sim;Sim;Não;Não;Não;Não;Sim;Não;Não;Sim;Sim;Sim;Não;Sim;3;2;2;2;Sim;3;2;Sim;Sim;Nível Superior Completo;5 dias por semana;8 horas por dia;Sim;16;Todas as reuniões são registradas em ata;Não;Sim;Não;Não;Não;Não;Não;Não;Todas as deliberações ou resoluções são publicadas;Sim;Sim;Sim;Sim;Sim;Sim;Sim;Sim;Não;Não;Não;Sim;Sim;Sim;Sim;Sim;Sim;Sim;Sim;Sim;Sim;Sim;Sim;Não;O Conselho conhece, mas não acompanha as metas do pacto de aprimoramento;Sim;Não fiscaliza; ; ;Trimensalmente;Não;Não;Não;Sim;Não;Não;Sim, sem regularidade;Semestralmente;Nunca;Nunca;Nunca;Nunca;Nunca;3;Não;Não;Não;Não acompanha;Sim, todos os conselheiros;Não;Sim;Sim;Não;Não; ;Não; ; ; ; ; ; ;2 anos;1 vez;Sim;Sim;Eleitos em assembléias instaladas especificamente para esse fim;Sim;Sim;Não;Sim;Sim;Sim;Não;Não;Não;Sim;Sim;Sim;SECRETARIA DA MULHER E DIVERSIDADE HUMANA;Não;Sim;Não;Não;Não;Não;Sim;ORGANIZAÇÃO DE USUÁRIOS;Sim;Sim;Sim;Sim;Sim;Não;Sim;Não;Não;Não; ;18;18;9;9;11/26/2015;Secretário Executivo;De 1995 a 1997;De 2009 a 2015;De 2009 a 2015;1;1 sala;2;De 2 a 3 salas;3;De 2 a 3 salas;5;4;5;4;De 40 a 49 horas/semana;Acima de 15;De 16 a 20;De 16 a 20;3;6;3;8;3;0;3;3;1;2;3;5;20
PE;PE;Nordeste;8796448;185;CONSELHO ESTADUAL DE ASSISTÊNCIA SOCIAL;    Avenida;NORTE;2944;Casa;ROSARINHO;PROXIMO A PRAÇA DO ROSARINHO;50040-200;RECIFE;PE;(81) 3183-3292; ;(81) 3183-3291;1995; ;Sim;2006;Sim;2006;Sim;Não;Não;Não;Sim;Não;Não;Não;Sim;Não;Não;Não;Não;Sim;Não;Não;Sim;Não;Não;Não;Sim;Não;Não;Não;Não;Sim;Não;Não;Não;Sim;Não;Não;Não;Sim;Não;Não;Não;Sim;Não;Não;Não;Sim;Não;Não;Não;Sim;Não;Não;Não;Sim;Não;Não;Não;Sim;Não;Não;Não;Sim;Não;Não;Não;Sim;Não;Não;Sim;Sim;Não;Não;Sim;Sim;Não;Não;Sim;Sim;Não;Não;Sim;Sim;Sim;Sim;Não;Não;Não;Não;Não;Não;Não;Não;Não;Não;Sim;Não;3;1;0;1;3;Sim;Não possui;Sim, mas não estão de acordo com a Norma da ABNT;Sim, mas não estão de acordo com a Norma da ABNT;Sim, mas não estão de acordo com a Norma da ABNT;Sim;Não;Sim;Não;Sim;Não;Não;Sim;Não;Sim;Não;Sim;Sim;Não;Sim;6;5;1;0;Sim;5;0;Sim;Sim;Nível Superior Completo;5 dias por semana;8 horas por dia;Sim;14;Todas as reuniões são registradas em ata;Não;Sim;Sim;Não;Não;Não;Sim;Sim;Todas as deliberações ou resoluções são publicadas;Sim;Sim;Sim;Sim;Sim;Sim;Sim;Sim;Não;Não;Sim;Sim;Sim;Não;Sim;Não;Não;Sim;Sim;Não;Sim;Sim;Sim;Sim;O Conselho conhece, mas não acompanha as metas do pacto de aprimoramento;Sim;Sim, apenas a rede socioassistencial pública do SUAS;Ambas as formas;Não, as fiscalizações são realizadas somente mediante denúncia;Trimensalmente;Não;Sim;Não;Não;Sim;Sim, com regularidade;Sim, com regularidade;Trimestralmente;Anualmente;Semestralmente;Anualmente;Semestralmente;Semestralmente;0;Não;Não;Não;Sim, através de relatórios de gestão;Sim, todos os conselheiros;Não;Sim;Não;Não;Não; ;Sim, alguns conselheiros;Não;Sim;Não;Não;Não; ;2 anos;1 vez;Sim;Sim;Eleitos em assembléias instaladas especificamente para esse fim;Não;Sim;Não;Sim;Sim;Sim;Não;Sim;Não;Sim;Não;Sim;COEGEMAS, TURISMO, JUSTICA E AGRICULTURA;Não;Não;Sim;Sim;Não;Não;Não; ;Sim;Sim;Sim;Sim;Sim;Não;Não;Sim;Não;Não; ;18;18;18;18;11/19/2015;Secretário Executivo;De 1995 a 1997;De 2005 a 2008;De 2005 a 2008;4;De 4 a 5 salas;1;1 sala;5;De 4 a 5 salas;7;5;De 6 a 10;5;De 40 a 49 horas/semana;De 10 a 15;De 16 a 20;De 16 a 20;3;8;4;16;2;1;4;4;2;2;8;8;31
AL;AL;Nordeste;3120494;102;CONSELHO ESTADUAL DE ASSISTÊNCIA SOCIAL;    Rua;COMENDADOR CALAÇA;1399; ;POÇO;ANTIGO PRÉDIO DA LBA;57025-580;MACEIO;AL;(82) 3315-2888; ;(82) 3315-2888;1996; ;Sim;2002;Sim;2012;Não;Sim;Não;Não;Não;Sim;Não;Não;Não;Sim;Não;Não;Não;Sim;Não;Não;Não;Sim;Não;Não;Não;Sim;Não;Não;Não;Sim;Não;Não;Sim;Sim;Não;Não;Sim;Sim;Não;Não;Sim;Sim;Não;Não;Não;Não;Não;Sim;Não;Sim;Não;Não;Não;Sim;Não;Não;Não;Sim;Não;Não;Não;Não;Sim;Não;Não;Sim;Não;Não;Não;Sim;Não;Não;Não;Sim;Não;Não;Não;Sim;Não;Não;Sim;Sim;Sim;Sim;Sim;Não;Não;Não;Não;Não;Não;Não;Não;Não;Não;Não;1;0;1;0;1;Não;Sim, mas não estão de acordo com a Norma da ABNT;Sim, mas não estão de acordo com a Norma da ABNT;Não possui;Não possui;Sim;Não;Sim;Não;Não;Não;Não;Não;Não;Não;Sim;Sim;Não;Não;Sim;2;2;0;0;Sim;1;1;Sim;Não;Pós-graduação Completa;5 dias por semana;6 horas por dia;Sim;14;A maioria das reuniões é registrada em ata;Não;Sim;Sim;Não;Não;Não;Não;Não;Todas as deliberações ou resoluções são publicadas;Não; ;Sim;Sim;Não;Não;Sim;Sim;Sim;Não;Sim;Não;Não;Não;Não;Não;Não;Sim;Sim;Não;Sim;Não;Não;Sim;O Conselho conhece, mas não acompanha as metas do pacto de aprimoramento;Não;Não fiscaliza; ; ;Anualmente;Sim;Sim;Não;Sim;Não;Sim, sem regularidade;Sim, sem regularidade;Anualmente;Semestralmente;Semestralmente;Semestralmente;Semestralmente;Nunca;0;Não;Não;Não;Sim, por meio de comissão específica constituída para tal fim;Sim, alguns conselheiros;Não;Sim;Não;Sim;Não; ;Não; ; ; ; ; ; ;2 anos;1 vez;Sim;Sim;Eleitos em assembléias instaladas especificamente para esse fim;Não;Sim;Não;Sim;Sim;Sim;Sim;Não;Não;Sim;Não;Não; ;Não;Não;Sim;Sim;Não;Não;Não; ;Sim;Sim;Sim;Sim;Sim;Não;Não;Não;Não;Não; ;12;12;12;12;11/27/2015;Secretário Executivo;De 1995 a 1997;De 1998 a 2004;De 2009 a 2015;1;1 sala;1;1 sala;2;De 2 a 3 salas;2;2;2;2;De 30 a 39 horas/semana;De 10 a 15;De 10 a 15;De 10 a 15;2;2;3;7;2;0;1;1;2;1;4;3;14
SE;SE;Nordeste;2068017;75;CONSELHO ESTADUAL DE ASSISTÊNCIA SOCIAL;    Travessa;Baltazar Goes Edf Estado de Sergipe;86;25º Andar;Centro;BANESE;49010-500;ARACAJU;SE;(79) 3246-1417; ; ;1995; ;Sim;2013;Sim;2014;Sim;Sim;Não;Não;Sim;Sim;Não;Não;Sim;Sim;Não;Não;Sim;Sim;Não;Não;Não;Sim;Não;Não;Não;Sim;Não;Não;Não;Sim;Não;Não;Sim;Sim;Não;Não;Sim;Sim;Não;Não;Sim;Sim;Não;Não;Sim;Sim;Não;Não;Sim;Sim;Não;Não;Não;Sim;Não;Não;Não;Sim;Não;Não;Não;Sim;Não;Não;Não;Não;Não;Sim;Sim;Sim;Não;Não;Sim;Sim;Não;Não;Não;Sim;Não;Não;Sim;Sim;Sim;Sim;Não;Sim;Não;Não;Não;Não;Não;Não;Não;Não;Sim;Sim;2;0;1;1;3;Não;Sim, de acordo com a Norma da ABNT;Sim, de acordo com a Norma da ABNT;Não possui;Não possui;Sim;Não;Sim;Não;Não;Não;Não;Sim;Sim;Sim;Não;Sim;Sim;Não;Sim;3;2;3;2;Sim;5;0;Sim;Sim;Nível Superior Completo;5 dias por semana;6 horas por dia;Sim;15;Todas as reuniões são registradas em ata;Não;Sim;Sim;Não;Não;Não;Não;Não;Todas as deliberações ou resoluções são publicadas;Sim;Sim;Sim;Sim;Sim;Sim;Sim;Sim;Sim;Sim;Sim;Sim;Sim;Sim;Sim;Sim;Sim;Sim;Sim;Sim;Sim;Sim;Sim;Sim;O Conselho conhece, mas não acompanha as metas do pacto de aprimoramento;Sim;Não fiscaliza; ; ;Trimensalmente;Não;Sim;Não;Sim;Não;Sim, com regularidade;Sim, com regularidade;Anualmente;Anualmente;Nunca;Anualmente;Nunca;Nunca;0;Não;Não;Não;Sim, através de relatórios de gestão;Não; ; ; ; ; ; ;Sim, alguns conselheiros;Não;Não;Sim;Não;Não; ;2 anos;1 vez;Sim;Sim;Eleitos em assembléias instaladas especificamente para esse fim;Não;Sim;Não;Sim;Sim;Sim;Sim;Sim;Não;Sim;Não;Sim;Direitos Humanos, COEGEMAS;Sim;Sim;Sim;Sim;Não;Sim;Não; ;Sim;Sim;Sim;Sim;Sim;Sim;Não;Não;Não;Não; ;18;18;9;9;10/29/2015;Presidente do Conselho;De 1995 a 1997;De 2009 a 2015;De 2009 a 2015;2;De 2 a 3 salas;2;De 2 a 3 salas;4;De 4 a 5 salas;6;4;De 6 a 10;4;De 30 a 39 horas/semana;De 10 a 15;De 16 a 20;De 16 a 20;3;6;6;17;3;0;3;3;3;3;9;8;32
BA;BA;Nordeste;14016906;417;CONSELHO ESTADUAL DE ASSISTÊNCIA SOCIAL;    Rua;BOULEVARD AMÉRICA;27;JARDIM BAHIANO;NAZARÉ;POSTO POLICIAL - Policia Comunitária -;40050-320;SALVADOR;BA;(71) 3321-4022; ;(71) 3321-3837;1995; ;Não; ;Sim;1997;Não;Sim;Não;Não;Não;Sim;Não;Não;Não;Não;Não;Sim;Não;Sim;Não;Não;Não;Sim;Não;Não;Não;Sim;Não;Não;Não;Sim;Não;Não;Não;Não;Não;Sim;Não;Não;Não;Sim;Não;Não;Não;Sim;Não;Não;Não;Sim;Não;Sim;Não;Não;Não;Sim;Não;Não;Não;Sim;Não;Não;Não;Sim;Não;Não;Não;Não;Não;Sim;Não;Sim;Não;Não;Sim;Sim;Não;Não;Não;Não;Não;Sim;Não;Sim;Sim;Sim;Não;Não;Não;Não;Não;Não;Não;Não;Não;Não;Sim;Sim;0;0;1;1;1;Não;Não possui;Sim, mas não estão de acordo com a Norma da ABNT;Não possui;Não possui;Sim;Não;Sim;Não;Sim;Não;Sim;Não;Não;Não;Não;Não;Não;Não;Sim;6;5;1;0;Sim;6;0;Sim;Sim;Nível Superior Completo;5 dias por semana;9 horas por dia;Sim;13;Todas as reuniões são registradas em ata;Sim;Não;Não;Não;Não;Não;Não;Não;Todas as deliberações ou resoluções são publicadas;Não; ;Sim;Sim;Sim;Não;Não;Não;Não;Não;Sim;Sim;Sim;Não;Não;Não;Não;Sim;Sim;Não;Sim;Não;Sim;Sim;O Conselho conhece, mas não acompanha as metas do pacto de aprimoramento;Sim;Sim, a rede socioassistencial pública e privada do SUAS;Por meio de análise de relatórios;Não, as fiscalizações são realizadas somente mediante denúncia;Semestralmente;Sim;Sim;Sim;Sim;Não;Sim, sem regularidade;Sim, sem regularidade;Anualmente;Nunca;Nunca;Nunca;Nunca;Nunca;0;Não;Não;Não;Não acompanha;Não; ; ; ; ; ; ;Não; ; ; ; ; ; ;2 anos;1 vez;Não;Não;Eleitos em assembléias instaladas especificamente para esse fim;Não;Sim;Não;Sim;Sim;Sim;Não;Sim;Não;Sim;Não;Não; ;Não;Não;Não;Não;Sim;Não;Sim;Instituto Fatumbi;Sim;Sim;Sim;Não;Não;Não;Não;Não;Não;Sim; ;10;6;5;5;11/19/2015;Secretário Executivo;De 1995 a 1997; ;De 1995 a 1997;0;Nenhuma sala;2;De 2 a 3 salas;2;De 2 a 3 salas;7;5;De 6 a 10;5;De 40 a 49 horas/semana;De 10 a 15;De 10 a 15;De 1 a 9;3;2;1;7;3;0;1;1;1;0;3;4;13
MG;MG;Sudeste;19597330;853;CONSELHO ESTADUAL DE ASSISTÊNCIA SOCIAL;    Avenida;Amazonas;558;6º andar;CENTRO;PRÓXIMO A Praça Sete;30180-001;BELO HORIZONTE;MG;(31) 3270-3645; ; ;1996; ;Sim;2011;Sim;2012;Sim;Sim;Não;Não;Sim;Sim;Não;Não;Não;Sim;Não;Não;Não;Sim;Não;Não;Não;Sim;Não;Não;Não;Sim;Não;Não;Não;Sim;Não;Não;Sim;Sim;Não;Não;Sim;Sim;Não;Não;Sim;Sim;Não;Não;Sim;Sim;Não;Não;Não;Sim;Não;Não;Não;Sim;Não;Não;Não;Sim;Não;Não;Não;Sim;Não;Não;Sim;Sim;Não;Não;Sim;Sim;Não;Não;Não;Sim;Sim;Não;Não;Sim;Não;Não;Sim;Sim;Sim;Sim;Não;Não;Não;Não;Não;Não;Não;Não;Não;Não;Sim;Sim;2;0;2;3;4;Sim;Sim, de acordo com a Norma da ABNT;Sim, de acordo com a Norma da ABNT;Sim, de acordo com a Norma da ABNT;Sim, de acordo com a Norma da ABNT;Sim;Não;Sim;Sim;Não;Não;Não;Sim;Sim;Sim;Não;Sim;Sim;Sim;Sim;20;19;0;0;Sim;13;0;Sim;Sim;Pós-graduação Completa;5 dias por semana;12 horas por dia;Sim;10;Todas as reuniões são registradas em ata;Não;Sim;Sim;Não;Não;Não;Sim;Não;Todas as deliberações ou resoluções são publicadas;Sim;Sim;Sim;Sim;Sim;Sim;Sim;Sim;Sim;Não;Sim;Sim;Sim;Sim;Sim;Sim;Sim;Sim;Sim;Sim;Sim;Sim;Sim;Sim;O Conselho conhece e acompanha as metas do pacto de aprimoramento;Sim;Sim, apenas a rede socioassistencial pública do SUAS;Por meio de análise de relatórios;Não, as fiscalizações são realizadas somente mediante denúncia;Trimensalmente;Sim;Sim;Sim;Sim;Sim;Sim, com regularidade;Sim, com regularidade;Trimestralmente;Anualmente;Anualmente;Trimestralmente;Nunca;Trimestralmente;0;Não;Não;Não;Sim, por meio de comissão não específica;Sim, alguns conselheiros;Não;Não;Não;Não;Sim;próprio conselho, Gestor Estadual e Gestor Federal (MDS);Sim, alguns conselheiros;Não;Não;Não;Não;Sim;getor estadual e federal;2 anos;1 vez;Sim;Sim;Eleitos em assembléias instaladas especificamente para esse fim;Sim;Sim;Não;Sim;Sim;Sim;Não;Sim;Não;Sim;Não;Sim;Secrtaria de Agricultura, o COGEMAS e representantes governamentais de CMAS;Não;Não;Não;Não;Não;Não;Sim;Entidades e organizações de usuários de âmbito estadual;Sim;Sim;Sim;Sim;Sim;Sim;Não;Não;Não;Não; ;20;20;20;20;11/24/2015;Secretário Executivo;De 1995 a 1997;De 2009 a 2015;De 2009 a 2015;2;De 2 a 3 salas;5;De 4 a 5 salas;7;De 6 a 7 salas;20;19;Mais de 10;Mais de 10;Mais de 49 horas/semana;De 10 a 15;De 16 a 20;De 16 a 20;3;4;6;15;3;0;4;0;3;3;7;8;28
ES;ES;Sudeste;3514952;78;CONSELHO ESTADUAL DE ASSISTÊNCIA SOCIAL;    Avenida;MARECHAL MASCARENHAS DE MORAES;2796;CASA DOS CONSELHOS;JESUS DE NAZARETH;FARMÁCIA MAMERI;29052-015;VITORIA;ES;(27) 3324-7126; ;(27) 3224-6591;1995; ;Sim;2012;Sim;1995;Sim;Não;Não;Não;Sim;Não;Sim;Não;Sim;Não;Não;Não;Sim;Não;Não;Não;Não;Sim;Não;Não;Não;Sim;Não;Não;Não;Sim;Não;Não;Sim;Não;Não;Não;Sim;Não;Não;Não;Sim;Não;Não;Não;Sim;Não;Não;Não;Não;Sim;Não;Não;Não;Sim;Não;Não;Não;Não;Não;Sim;Não;Não;Não;Sim;Não;Não;Não;Sim;Não;Não;Não;Sim;Não;Não;Não;Sim;Não;Não;Não;Sim;Sim;Sim;Sim;Sim;Não;Não;Não;Não;Não;Não;Não;Não;Não;Não;Sim;Não;1;0;1;1;5;Sim;Sim, de acordo com a Norma da ABNT;Sim, mas não estão de acordo com a Norma da ABNT;Sim, mas não estão de acordo com a Norma da ABNT;Sim, de acordo com a Norma da ABNT;Sim;Sim;Sim;Sim;Sim;Sim;Não;Sim;Sim;Não;Sim;Não;Sim;Não;Sim;2;1;6;5;Sim;1;0;Sim;Sim;Pós-graduação Completa;5 dias por semana;8 horas por dia;Sim;15;Todas as reuniões são registradas em ata;Não;Sim;Sim;Não;Não;Não;Não;Não;Todas as deliberações ou resoluções são publicadas;Não; ;Sim;Sim;Não;Não;Sim;Sim;Não;Não;Não;Não;Não;Não;Não;Não;Sim;Sim;Não;Não;Não;Não;Sim;Sim;O Conselho conhece, mas não acompanha as metas do pacto de aprimoramento;Sim;Não fiscaliza; ; ;Anualmente;Sim;Sim;Não;Sim;Não;Sim, sem regularidade;Sim, sem regularidade;Anualmente;Nunca;Nunca;Nunca;Nunca;Nunca;0;Não;Não;Não;Não acompanha;Sim, alguns conselheiros;Não;Sim;Não;Não;Não; ;Não; ; ; ; ; ; ;2 anos;1 vez;Sim;Sim;Eleitos em assembléias instaladas especificamente para esse fim;Não;Sim;Não;Sim;Sim;Sim;Não;Não;Não;Sim;Não;Sim;Agricultura, Justiça, Cogemases;Não;Não;Não;Não;Não;Sim;Não; ;Sim;Não;Sim;Sim;Sim;Não;Não;Não;Não;Não; ;10;10;10;10;11/23/2015;Secretário Executivo;De 1995 a 1997;De 2009 a 2015;De 1995 a 1997;1;1 sala;2;De 2 a 3 salas;3;De 2 a 3 salas;8;6;De 6 a 10;De 6 a 10;De 40 a 49 horas/semana;De 10 a 15;De 10 a 15;De 10 a 15;4;5;4;11;3;1;4;1;3;1;7;4;24
RJ;RJ;Sudeste;15989929;92;CONSELHO ESTADUAL DE ASSISTÊNCIA SOCIAL;    Praça;PÇA. CRISTIANO OTTONI S/Nº;0;SALA 645 -  6º ANDAR;CENTRO;CENTRAL DO BRASIL;20221-250;RIO DE JANEIRO;RJ;(21) 2334-9536; ;(21) 2334-5541;1996; ;Não; ;Sim;2005;Sim;Sim;Não;Não;Sim;Sim;Não;Não;Não;Sim;Não;Não;Não;Sim;Não;Não;Não;Sim;Não;Não;Não;Sim;Não;Não;Não;Não;Sim;Não;Sim;Sim;Não;Não;Sim;Sim;Não;Não;Sim;Sim;Não;Não;Sim;Sim;Não;Não;Não;Sim;Não;Não;Não;Sim;Não;Não;Não;Sim;Não;Não;Não;Sim;Não;Não;Não;Sim;Não;Não;Não;Sim;Não;Não;Não;Sim;Não;Não;Não;Sim;Não;Não;Sim;Sim;Sim;Sim;Sim;Sim;Não;Não;Não;Não;Não;Não;Não;Não;Sim;Não;3;1;0;0;4;Sim;Sim, de acordo com a Norma da ABNT;Sim, de acordo com a Norma da ABNT;Sim, de acordo com a Norma da ABNT;Sim, de acordo com a Norma da ABNT;Sim;Não;Sim;Não;Não;Não;Não;Não;Sim;Não;Sim;Sim;Sim;Não;Sim;5;4;0;0;Sim;4;0;Sim;Sim;Pós-graduação Completa;5 dias por semana;8 horas por dia;Sim;11;Todas as reuniões são registradas em ata;Não;Sim;Sim;Não;Não;Não;Não;Não;Todas as deliberações ou resoluções são publicadas;Sim;Sim;Sim;Sim;Sim;Não;Sim;Sim;Sim;Não;Não;Sim;Sim;Não;Sim;Não;Não;Não;Sim;Sim;Sim;Não;Sim;Sim;O Conselho conhece e acompanha as metas do pacto de aprimoramento;Sim;Sim, apenas a rede socioassistencial pública do SUAS;Ambas as formas;Não, as fiscalizações são realizadas somente mediante denúncia;Anualmente;Sim;Sim;Sim;Sim;Sim;Sim, com regularidade;Sim, com regularidade;Semestralmente;Anualmente;Nunca;Nunca;Anualmente;Nunca;0;Não;Não;Não;Sim, através de relatórios de gestão;Não; ; ; ; ; ; ;Não; ; ; ; ; ; ;2 anos;1 vez;Sim;Sim;Eleitos em assembléias instaladas especificamente para esse fim;Não;Sim;Não;Sim;Sim;Sim;Sim;Não;Não;Sim;Não;Sim;DEFENSORIA, CULTURA, COEGEMAS, AGRICULTURA E PECUÁRIA;Não;Não;Não;Não;Não;Sim;Sim;MOVIMENTO DAS MÃES DA CINELÂNDIA;Sim;Sim;Sim;Sim;Sim;Não;Sim;Não;Não;Não; ;20;20;20;20;11/25/2015;Secretário Executivo;De 1995 a 1997; ;De 2005 a 2008;4;De 4 a 5 salas;0; Nenhuma sala;4;De 4 a 5 salas;5;4;5;4;De 40 a 49 horas/semana;De 10 a 15;De 16 a 20;De 16 a 20;8;8;4;20;4;4;4;4;2;2;10;10;40
SP;SP;Sudeste;41262199;645;CONSELHO ESTADUAL DE ASSISTÊNCIA SOCIAL;    Rua;RUA GUAIANASES;1058; ;CAMPOS ELÍSEOS;AO LADO DO TERMINAL PRINCESA ISABEL;01204-001;SAO PAULO;SP;(11) 3337-0838; ;(11) 3225-9680;1995; ;Não; ;Sim;2012;Sim;Sim;Não;Não;Sim;Sim;Não;Não;Não;Sim;Não;Não;Não;Sim;Não;Não;Não;Sim;Não;Não;Não;Sim;Não;Não;Não;Sim;Sim;Não;Sim;Sim;Não;Não;Sim;Sim;Não;Não;Sim;Sim;Não;Não;Sim;Sim;Não;Não;Não;Sim;Não;Não;Não;Sim;Não;Não;Não;Sim;Não;Não;Não;Sim;Não;Não;Não;Sim;Não;Não;Sim;Sim;Não;Não;Sim;Sim;Não;Não;Não;Sim;Não;Não;Sim;Sim;Sim;Sim;Não;Não;Não;Não;Não;Não;Não;Não;Não;Não;Sim;Não;8;4;8;4;4;Sim;Sim, mas não estão de acordo com a Norma da ABNT;Sim, mas não estão de acordo com a Norma da ABNT;Sim, mas não estão de acordo com a Norma da ABNT;Sim, de acordo com a Norma da ABNT;Sim;Não;Sim;Sim;Sim;Não;Sim;Sim;Sim;Não;Sim;Sim;Sim;Não;Sim;10;10;0;0;Sim;5;0;Sim;Sim;Nível Superior Completo;5 dias por semana;8 horas por dia;Sim;13;Todas as reuniões são registradas em ata;Não;Sim;Sim;Não;Não;Não;Sim;Não;Todas as deliberações ou resoluções são publicadas;Sim;Sim;Sim;Sim;Sim;Sim;Sim;Sim;Sim;Sim;Sim;Sim;Sim;Sim;Sim;Sim;Sim;Sim;Sim;Sim;Sim;Sim;Sim;Não;O Conselho conhece e acompanha as metas do pacto de aprimoramento;Sim;Sim, a rede socioassistencial pública e privada do SUAS;Por meio de análise de relatórios;Sim;Trimensalmente;Sim;Não;Não;Sim;Sim;Sim, com regularidade;Sim, com regularidade;Trimestralmente;Semestralmente;Semestralmente;Semestralmente;Nunca;Nunca;0;Sim;Não;Não;Sim, por meio de comissão não específica;Sim, alguns conselheiros;Não;Sim;Sim;Sim;Não; ;Sim, alguns conselheiros;Não;Sim;Sim;Não;Não; ;3 anos;1 vez;Sim;Sim;Eleitos em assembléias instaladas especificamente para esse fim;Não;Não;Sim;Sim;Sim;Sim;Sim;Não;Sim;Sim;Não;Sim;Sec.Justiça e Defesa da Cidadania, Fundo Social de Solidariedade, Assembleia Legislativa, Segurança Pública, Secretaria de Governo, Universidade Pública Estadual; ; ; ; ; ; ; ; ;Sim;Sim;Sim;Sim;Sim;Sim;Sim;Não;Não;Não; ;24;24;12;12;11/26/2015;Secretário Executivo;De 1995 a 1997; ;De 2009 a 2015;12;8 ou mais salas;12;8 ou mais salas;24;8 ou mais salas;10;10;De 6 a 10;De 6 a 10;De 40 a 49 horas/semana;De 10 a 15;De 21 a 30;De 21 a 30;1;12;3;22;1;0;7;5;2;1;13;9;38
PR;PR;Sul;10444526;399;CONSELHO ESTADUAL DE ASSISTÊNCIA SOCIAL;    Rua;Jacy Loureiro de Campos, s/n;0;6° andar - ala D;Centro Cívico;Secretaria de Estado do Trabalho e Desenvolvimento Social - SEDSPalácio das Araucárias;80530-915;CURITIBA;PR;(41) 3210-2419; ; ;1996; ;Sim;2013;Sim;2015;Sim;Sim;Não;Não;Não;Sim;Sim;Não;Não;Sim;Não;Não;Não;Sim;Não;Não;Não;Sim;Não;Não;Não;Sim;Não;Não;Não;Sim;Não;Não;Não;Não;Sim;Não;Não;Não;Sim;Não;Não;Não;Sim;Não;Não;Não;Não;Sim;Sim;Sim;Não;Não;Não;Sim;Não;Não;Não;Sim;Não;Não;Não;Sim;Não;Não;Sim;Sim;Não;Não;Sim;Sim;Não;Não;Sim;Sim;Não;Não;Não;Sim;Não;Não;Sim;Sim;Sim;Sim;Sim;Sim;Não;Não;Não;Não;Não;Não;Não;Não;Sim;Não;0;0;5;5;5;Sim;Sim, de acordo com a Norma da ABNT;Sim, de acordo com a Norma da ABNT;Sim, de acordo com a Norma da ABNT;Sim, de acordo com a Norma da ABNT;Sim;Sim;Sim;Sim;Não;Não;Não;Sim;Não;Não;Sim;Sim;Sim;Não;Sim;4;3;7;6;Sim;0;3;Sim;Não;Pós-graduação Completa;5 dias por semana;8 horas por dia;Sim;15;Todas as reuniões são registradas em ata;Não;Sim;Sim;Não;Não;Não;Sim;Não;Todas as deliberações ou resoluções são publicadas;Sim;Sim;Sim;Sim;Sim;Sim;Sim;Sim;Sim;Sim;Sim;Sim;Sim;Sim;Sim;Sim;Sim;Sim;Sim;Sim;Sim;Sim;Sim;Sim;O Conselho conhece e acompanha as metas do pacto de aprimoramento;Sim;Sim, a rede socioassistencial pública e privada do SUAS;Ambas as formas;Não, as fiscalizações são realizadas somente mediante denúncia;Mensalmente;Sim;Sim;Sim;Sim;Sim;Sim, com regularidade;Sim, com regularidade;Semestralmente;Semestralmente;Semestralmente;Trimestralmente;Semestralmente;Nunca;0;Não;Não;Não;Sim, por meio de comissão não específica;Sim, todos os conselheiros;Não;Sim;Não;Sim;Não; ;Sim, alguns conselheiros;Não;Sim;Não;Não;Sim; ;2 anos;1 vez;Sim;Sim;Eleitos em assembléias instaladas especificamente para esse fim;Sim;Sim;Não;Sim;Sim;Sim;Sim;Não;Sim;Sim;Não;Sim;Agricultura e Abastecimento, Ciência, Tecnologia e Ensino Superior, Procuradoria Geral do Estado, Justiça, Cidadania e Direitos Humanos.;Sim;Não;Sim;Não;Não;Não;Sim;Entidade de Defesa e Garantia de Direitos.;Sim;Não;Sim;Sim;Sim;Não;Não;Não;Sim;Sim;Documentsção e Rede Socioassistencial;30;30;30;30;12/3/2015;Secretário Executivo;De 1995 a 1997;De 2009 a 2015;De 2009 a 2015;0;Nenhuma sala;10;8 ou mais salas;10;8 ou mais salas;11;9;Mais de 10;De 6 a 10;De 40 a 49 horas/semana;De 10 a 15;De 21 a 30;De 21 a 30;10;10;9;30;5;5;5;5;4;5;15;15;59
SC;SC;Sul;6248436;295;CONSELHO ESTADUAL DE ASSISTÊNCIA SOCIAL;    Avenida;MAURO RAMOS;722;SALA 6  BLOCO D;CENTRO; ;88020-300;FLORIANOPOLIS;SC;(48) 3664-0712; ; ;1995; ;Sim;2014;Sim;1995;Sim;Sim;Não;Não;Sim;Sim;Não;Não;Sim;Sim;Não;Não;Sim;Sim;Não;Não;Sim;Sim;Não;Não;Sim;Sim;Não;Não;Sim;Sim;Não;Não;Sim;Sim;Não;Não;Sim;Sim;Não;Não;Sim;Sim;Não;Não;Não;Não;Não;Sim;Sim;Sim;Não;Não;Não;Sim;Não;Não;Não;Sim;Não;Não;Não;Sim;Não;Não;Não;Sim;Não;Não;Não;Sim;Não;Não;Não;Sim;Não;Não;Sim;Sim;Não;Não;Sim;Sim;Sim;Sim;Sim;Não;Não;Não;Não;Não;Não;Não;Não;Não;Sim;Sim;1;0;0;2;2;Não;Não possui;Não possui;Não possui;Não possui;Sim;Não;Sim;Não;Não;Não;Não;Sim;Sim;Não;Sim;Não;Não;Não;Sim;5;5;0;0;Sim;3;0;Sim;Sim;Pós-graduação Completa;5 dias por semana;6 horas por dia;Sim;12;Todas as reuniões são registradas em ata;Não;Sim;Não;Não;Não;Não;Sim;Não;Todas as deliberações ou resoluções são publicadas;Sim;Não;Sim;Sim;Sim;Sim;Não;Sim;Sim;Sim;Sim;Sim;Sim;Sim;Não;Não;Não;Sim;Sim;Não;Sim;Não;Sim;Sim;O Conselho conhece, mas não acompanha as metas do pacto de aprimoramento;Sim;Não fiscaliza; ; ;Semestralmente;Não;Sim;Sim;Sim;Sim;Sim, sem regularidade;Sim, com regularidade;Semestralmente;Anualmente;Nunca;Nunca;Nunca;Nunca;0;Não;Não;Não;Não acompanha;Não; ; ; ; ; ; ;Não; ; ; ; ; ; ;2 anos;2 vezes;Sim;Sim;Eleitos em assembléias instaladas especificamente para esse fim;Não;Sim;Não;Sim;Sim;Sim;Não;Não;Não;Não;Não;Sim;Justiça e Cidadania, Segurança Pública, Previdência Social e Federação Catarinense de Educação Especial;Não;Não;Não;Não;Não;Sim;Não; ;Sim;Sim;Sim;Sim;Sim;Não;Sim;Não;Não;Sim; ;18;18;9;9;11/26/2015;Secretário Executivo;De 1995 a 1997;De 2009 a 2015;De 1995 a 1997;1;1 sala;2;De 2 a 3 salas;3;De 2 a 3 salas;5;5;5;5;De 30 a 39 horas/semana;De 10 a 15;De 16 a 20;De 16 a 20;6;8;3;16;3;3;4;4;2;1;8;8;33
RS;RS;Sul;10693929;497;CONSELHO ESTADUAL DE ASSISTÊNCIA SOCIAL;    Avenida;Borges de Medeiros;1501; ;CIDADE BAIXA; ;90119-900;PORTO ALEGRE;RS;(51) 3288-6536; ;(51) 3288-6536;1996; ;Sim;2000;Sim;2005;Sim;Sim;Não;Não;Sim;Sim;Sim;Não;Sim;Sim;Sim;Não;Sim;Sim;Sim;Não;Sim;Sim;Sim;Não;Sim;Sim;Sim;Não;Sim;Sim;Sim;Não;Sim;Sim;Sim;Não;Sim;Sim;Sim;Não;Sim;Sim;Sim;Não;Não;Não;Não;Sim;Não;Sim;Não;Não;Não;Sim;Não;Não;Não;Sim;Não;Não;Não;Sim;Não;Não;Não;Não;Não;Sim;Sim;Não;Sim;Não;Não;Não;Sim;Não;Sim;Não;Não;Não;Sim;Sim;Sim;Sim;Sim;Sim;Não;Não;Não;Não;Não;Não;Não;Não;Não;Não;2;0;2;0;1;Sim;Sim, mas não estão de acordo com a Norma da ABNT;Não possui;Não possui;Não possui;Sim;Não;Sim;Não;Não;Não;Sim;Sim;Sim;Não;Sim;Sim;Sim;Não;Sim;6;5;1;0;Sim;2;1;Sim;Sim;Nível Superior Completo;5 dias por semana;8 horas por dia;Sim;27;Todas as reuniões são registradas em ata;Não;Não;Sim;Não;Não;Não;Não;Não;Todas as deliberações ou resoluções são publicadas;Sim;Não;Sim;Sim;Sim;Não;Não;Sim;Não;Não;Não;Sim;Sim;Sim;Não;Sim;Sim;Sim;Sim;Sim;Sim;Sim;Sim;Sim;O Conselho conhece, mas não acompanha as metas do pacto de aprimoramento;Não;Não fiscaliza; ; ;Anualmente;Não;Sim;Não;Sim;Não;Sim, com regularidade;Sim, com regularidade;Anualmente;Nunca;Nunca;Trimestralmente;Nunca;Anualmente;0;Não;Não;Não;Não acompanha;Sim, alguns conselheiros;Não;Não;Não;Não;Sim;MDS, UFMG -PRODEP, Paulus;Sim, alguns conselheiros;Não;Não;Não;Não;Sim;UFMG-PODEP;2 anos;Não está estabelecido no regimento, nem na lei de criação do conselho;Sim;Sim;Eleitos em assembléias instaladas especificamente para esse fim;Sim;Sim;Não;Sim;Sim;Sim;Não;Não;Não;Sim;Não;Sim;Segurança Pública, Agricultura, Justiça e Direitos Humanos, Federação das Associações dos Municipios;Sim;Não;Não;Sim;Não;Sim;Não; ;Sim;Sim;Sim;Sim;Sim;Não;Não;Não;Não;Não; ;18;18;9;9;11/23/2015;Presidente do Conselho;De 1995 a 1997;De 1998 a 2004;De 2005 a 2008;2;De 2 a 3 salas;2;De 2 a 3 salas;4;De 4 a 5 salas;7;5;De 6 a 10;5;De 40 a 49 horas/semana;Acima de 15;De 16 a 20;De 16 a 20;5;8;10;10;2;3;6;2;5;5;7;3;33
MS;MS;Centro-Oeste;2449024;79;CONSELHO ESTADUAL DE ASSISTÊNCIA SOCIAL;    Rua;MARECHAL CANDIDO MARIANO RONDON;713; ;CENTRO; ;79002-200;CAMPO GRANDE;MS;(67) 3324-0515; ;(67) 3324-0515;1995; ;Não; ;Sim;1996;Sim;Sim;Não;Não;Sim;Sim;Não;Não;Não;Não;Não;Sim;Não;Sim;Não;Não;Não;Sim;Não;Não;Não;Sim;Não;Não;Não;Sim;Não;Não;Sim;Sim;Não;Não;Sim;Sim;Não;Não;Sim;Sim;Não;Não;Sim;Sim;Não;Não;Não;Sim;Não;Não;Não;Sim;Não;Não;Não;Sim;Não;Não;Não;Sim;Não;Não;Não;Sim;Não;Não;Não;Sim;Não;Não;Sim;Sim;Não;Não;Não;Não;Não;Sim;Sim;Sim;Sim;Sim;Não;Não;Não;Não;Não;Não;Não;Não;Não;Não;Sim;Sim;1;0;0;2;5;Sim;Não possui;Sim, mas não estão de acordo com a Norma da ABNT;Sim, mas não estão de acordo com a Norma da ABNT;Sim, mas não estão de acordo com a Norma da ABNT;Sim;Não;Sim;Sim;Não;Não;Sim;Sim;Sim;Não;Sim;Sim;Sim;Não;Sim;6;6;0;0;Sim;5;0;Sim;Sim;Pós-graduação Completa;5 dias por semana;8 horas por dia;Sim;14;Todas as reuniões são registradas em ata;Não;Sim;Sim;Não;Não;Não;Não;Não;Todas as deliberações ou resoluções são publicadas;Sim;Sim;Sim;Sim;Não;Sim;Sim;Sim;Sim;Não;Não;Sim;Sim;Não;Sim;Sim;Sim;Sim;Sim;Sim;Não;Não;Sim;Sim;O Conselho conhece e acompanha as metas do pacto de aprimoramento;Sim;Sim, a rede socioassistencial pública e privada do SUAS;Ambas as formas;Sim;Trimensalmente;Não;Sim;Sim;Sim;Sim;Sim, com regularidade;Sim, com regularidade;Anualmente;Semestralmente;Nunca;Anualmente;Anualmente;Anualmente;0;Não;Não;Não;Sim, por meio de comissão não específica;Sim, alguns conselheiros;Não;Sim;Não;Não;Não; ;Sim, alguns conselheiros;Não;Não;Sim;Não;Sim; ;2 anos;1 vez;Sim;Sim;Eleitos em assembléias instaladas especificamente para esse fim;Sim;Sim;Não;Sim;Sim;Sim;Não;Não;Não;Sim;Não;Sim;SEGURANÇA PÚBLICA;Não;Não;Não;Não;Não;Sim;Não; ;Sim;Sim;Sim;Sim;Sim;Não;Sim;Não;Não;Não; ;12;12;12;12;11/26/2015;Presidente do Conselho;De 1995 a 1997; ;De 1995 a 1997;1;1 sala;2;De 2 a 3 salas;3;De 2 a 3 salas;6;6;De 6 a 10;De 6 a 10;De 40 a 49 horas/semana;De 10 a 15;De 10 a 15;De 10 a 15;0;4;2;6;0;0;2;2;2;0;3;3;12
MT;MT;Centro-Oeste;3035122;141;CONSELHO ESTADUAL DE ASSISTÊNCIA SOCIAL;    Rua;TRANSVERSAL;0;PALACIO PAIAGUAS;CPA-CENTRO POLITICO ADMINISTRATIVO; ;78050-970;CUIABA;MT;(65) 3613-4703; ;(65) 3613-4703;1993; ;Sim;2008;Sim;2010;Sim;Sim;Não;Não;Sim;Sim;Não;Não;Não;Não;Não;Sim;Sim;Sim;Não;Não;Não;Sim;Não;Não;Não;Sim;Não;Não;Não;Sim;Não;Não;Não;Sim;Não;Não;Não;Sim;Não;Não;Não;Sim;Não;Não;Não;Sim;Não;Não;Não;Sim;Não;Não;Não;Sim;Não;Não;Não;Sim;Não;Não;Não;Sim;Não;Não;Não;Sim;Não;Não;Não;Sim;Não;Não;Não;Sim;Não;Não;Sim;Sim;Não;Não;Sim;Sim;Sim;Sim;Sim;Não;Não;Não;Não;Não;Não;Não;Não;Não;Não;Não;4;1;0;0;0;Sim;Não possui;Sim, mas não estão de acordo com a Norma da ABNT;Não possui;Não possui;Sim;Não;Sim;Sim;Sim;Não;Sim;Sim;Não;Não;Não;Não;Sim;Não;Sim;6;5;0;0;Não; ; ; ; ; ;5 dias por semana;8 horas por dia;Sim;12;Todas as reuniões são registradas em ata;Não;Sim;Não;Não;Não;Não;Não;Não;Todas as deliberações ou resoluções são publicadas;Não; ;Sim;Sim;Sim;Sim;Sim;Sim;Sim;Sim;Sim;Sim;Sim;Sim;Não;Não;Não;Sim;Sim;Sim;Não;Sim;Não;Sim;O Conselho conhece, mas não acompanha as metas do pacto de aprimoramento;Sim;Sim, a rede socioassistencial pública e privada do SUAS;Por meio de análise de relatórios;Não, as fiscalizações são realizadas somente mediante denúncia;Trimensalmente;Não;Sim;Sim;Não;Sim;Sim, com regularidade;Sim, com regularidade;Semestralmente;Nunca;Nunca;Nunca;Anualmente;Semestralmente;0;Não;Não;Não;Sim, por meio de comissão específica constituída para tal fim;Sim, alguns conselheiros;Não;Sim;Sim;Não;Não; ;Sim, alguns conselheiros;Não;Não;Sim;Não;Não; ;2 anos;2 vezes;Sim;Sim;Eleitos em assembléias instaladas especificamente para esse fim;Não;Sim;Não;Sim;Sim;Sim;Não;Não;Não;Sim;Não;Sim;COEGEMAS/SINFRA/SESP;Não;Não;Não;Não;Sim;Não;Não; ;Sim;Sim;Sim;Sim;Sim;Sim;Sim;Não;Não;Sim; ;14;14;14;14;11/25/2015;Outro Conselheiro;Até 1994;De 2005 a 2008;De 2009 a 2015;5;De 4 a 5 salas;0; Nenhuma sala;5;De 4 a 5 salas;6;5;De 6 a 10;5;De 40 a 49 horas/semana;De 10 a 15;De 10 a 15;De 10 a 15;5;6;3;12;2;3;4;2;1;2;7;5;26
GO;GO;Centro-Oeste;6003788;246;CONSELHO ESTADUAL DE ASSISTÊNCIA SOCIAL;    Avenida;Anhanguera;3463; ;Leste Universitário;PROX. A CICAL Automóveis;74610-010;GOIANIA;GO;(62) 3201-8517; ;(62) 3201-8550;1995; ;Sim;2013;Sim;2015;Sim;Sim;Não;Não;Sim;Sim;Não;Não;Sim;Sim;Não;Não;Sim;Sim;Não;Não;Sim;Sim;Não;Não;Sim;Sim;Não;Não;Sim;Sim;Não;Não;Sim;Sim;Não;Não;Sim;Sim;Não;Não;Sim;Sim;Não;Não;Sim;Sim;Não;Não;Não;Sim;Não;Não;Não;Sim;Não;Não;Não;Sim;Não;Não;Não;Sim;Não;Não;Não;Sim;Não;Não;Não;Sim;Não;Não;Não;Não;Não;Sim;Não;Não;Não;Sim;Sim;Não;Sim;Sim;Sim;Não;Não;Não;Não;Não;Não;Não;Não;Não;Sim;Não;2;1;0;1;2;Sim;Sim, mas não estão de acordo com a Norma da ABNT;Sim, mas não estão de acordo com a Norma da ABNT;Sim, de acordo com a Norma da ABNT;Sim, de acordo com a Norma da ABNT;Sim;Não;Sim;Não;Não;Não;Sim;Sim;Sim;Não;Sim;Sim;Sim;Sim;Sim;5;3;0;0;Sim;5;0;Sim;Sim;Pós-graduação Completa;5 dias por semana;10 horas por dia;Sim;11;Todas as reuniões são registradas em ata;Não;Sim;Sim;Não;Não;Não;Não;Não;Todas as deliberações ou resoluções são publicadas;Sim;Sim;Sim;Sim;Não;Não;Sim;Sim;Sim;Não;Não;Sim;Sim;Sim;Sim;Sim;Sim;Sim;Sim;Sim;Sim;Sim;Sim;Sim;O Conselho conhece e acompanha as metas do pacto de aprimoramento;Sim;Sim, apenas a rede socioassistencial pública do SUAS;Ambas as formas;Sim;Bimensalmente;Não;Sim;Sim;Sim;Sim;Sim, com regularidade;Sim, com regularidade;Semestralmente;Semestralmente;Nunca;Semestralmente;Semestralmente;Anualmente;0;Não;Não;Não;Sim, por meio de comissão não específica;Sim, alguns conselheiros;Não;Não;Não;Sim;Não; ;Não; ; ; ; ; ; ;2 anos;1 vez;Sim;Sim;Eleitos em assembléias instaladas especificamente para esse fim;Não;Sim;Não;Sim;Sim;Sim;Não;Sim;Não;Sim;Não;Sim;Ciência e Tecnologia;Não;Sim;Sim;Não;Não;Não;Não; ;Sim;Sim;Sim;Sim;Sim;Não;Não;Não;Não;Não; ;18;18;18;18;11/26/2015;Secretário Executivo;De 1995 a 1997;De 2009 a 2015;De 2009 a 2015;3;De 2 a 3 salas;1;1 sala;4;De 4 a 5 salas;5;3;5;3;Mais de 49 horas/semana;De 10 a 15;De 16 a 20;De 16 a 20;7;4;3;8;2;5;1;3;2;1;5;3;22
DF;DF;Centro-Oeste;2570160;1;CONSELHO DE ASSISTENCIA SOCIAL DO DF;    Quadra;SEPN 515 BLOCO;515;EDIFICIO BANCO DO BRASIL;BRASILIA; ;70770-501;BRASILIA;DF;(61) 3348-3550; ;(61) 3327-9766;1995; ;Sim;2008;Sim;2010;Não;Sim;Não;Não;Sim;Sim;Não;Não;Não;Sim;Não;Não;Não;Sim;Não;Não;Não;Sim;Não;Não;Não;Sim;Não;Não;Sim;Sim;Não;Não;Sim;Sim;Não;Não;Sim;Sim;Não;Não;Sim;Sim;Não;Não; ; ; ; ;Não;Sim;Não;Não;Não;Sim;Não;Não;Não;Sim;Não;Não;Não;Sim;Não;Não;Não;Não;Não;Sim;Não;Sim;Não;Não;Sim;Sim;Não;Não;Não;Sim;Não;Não;Sim;Sim;Sim;Sim;Sim;Não;Não;Não;Não;Não;Não;Não;Não;Não;Não;Sim;1;0;1;0;2;Não;Sim, de acordo com a Norma da ABNT;Sim, mas não estão de acordo com a Norma da ABNT;Sim, de acordo com a Norma da ABNT;Sim, de acordo com a Norma da ABNT;Sim;Não;Sim;Não;Não;Não;Sim;Sim;Não;Não;Sim;Sim;Sim;Não;Sim;10;10;0;0;Sim;7;0;Sim;Sim;Pós-graduação Completa;5 dias por semana;10 horas por dia;Sim;12;Todas as reuniões são registradas em ata;Não;Sim;Sim;Não;Não;Não;Não;Não;Todas as deliberações ou resoluções são publicadas;Sim;Sim;Sim;Sim;Não;Não;Sim;Sim;Não;Não;Não;Sim;Sim;Sim;Não;Não;Não;Não;Sim;Não;Não;Não;Não;Sim;O Conselho conhece e acompanha as metas do pacto de aprimoramento;Sim;Sim, a rede socioassistencial pública e privada do SUAS;Por meio de análise de relatórios;Sim;Bimensalmente;Não; ;Sim;Sim;Sim;Sim, com regularidade;Sim, com regularidade;Semestralmente;Semestralmente;Semestralmente;Anualmente;Semestralmente;Anualmente;147;Sim;Sim;Não;Sim, através de relatórios de gestão;Sim, todos os conselheiros;Sim;Não;Não;Não;Não; ;Sim, alguns conselheiros;Não;Não;Sim;Não;Não; ;3 anos;1 vez;Sim;Sim;Eleitos em assembléias instaladas especificamente para esse fim;Sim;Sim;Não;Sim;Sim;Sim;Sim;Sim;Não;Sim;Sim;Sim;Cultura, Esporte, Justiça e Cidania, Economia, Desenvolvimento Sustentável e Turismo, Agricultra;Sim;Não;Sim;Sim;Não;Não;Não; ;Sim;Sim;Sim;Sim;Não;Sim;Não;Não;Não;Não; ;24;24;24;24;11/25/2015;Secretário Executivo;De 1995 a 1997;De 2005 a 2008;De 2009 a 2015;1;1 sala;1;1 sala;2;De 2 a 3 salas;10;10;De 6 a 10;De 6 a 10;Mais de 49 horas/semana;De 10 a 15;De 21 a 30;De 21 a 30;7;6;5;19;4;3;2;4;4;1;7;12;37
